State wise seat won and valid votes polled by political party,,,,,,,
State Name,Party Type,Party Name,Total Valid Votes Polled in the State,Total Electors in the State,Seats Won,Total Valid Votes Polled by Party,% Valid Votes Polled by Party
Andhra Pradesh,N,Bahujan Samaj Party,31143712,39405967,0,83613,0.27
Andhra Pradesh,N,Bharatiya Janata Party,31143712,39405967,0,303985,0.98
Andhra Pradesh,N,Communist Party of India,31143712,39405967,0,26536,0.09
Andhra Pradesh,N,Communist Party of India  (Marxist),31143712,39405967,0,37895,0.12
Andhra Pradesh,N,Indian National Congress,31143712,39405967,0,406977,1.31
Andhra Pradesh,S,All India Forward Bloc,31143712,39405967,0,1687,0.01
Andhra Pradesh,S,Indian Union Muslim League,31143712,39405967,0,2387,0.01
Andhra Pradesh,S,Samajwadi Party,31143712,39405967,0,6753,0.02
Andhra Pradesh,S,Telugu Desam,31143712,39405967,3,12515345,40.19
Andhra Pradesh,S,Yuvajana Sramika Rythu Congress Party,31143712,39405967,22,15537006,49.89
Andhra Pradesh,U,All India Praja Party,31143712,39405967,0,2023,0.01
Andhra Pradesh,U,All Peoples Party,31143712,39405967,0,370,
Andhra Pradesh,U,Ambedkar National Congress,31143712,39405967,0,1510,
Andhra Pradesh,U,Ambedkarite Party of India,31143712,39405967,0,1757,0.01
Andhra Pradesh,U,Andhra Chaitanya Party,31143712,39405967,0,1263,
Andhra Pradesh,U,Andhra Rastra Praja Samithi,31143712,39405967,0,1563,0.01
Andhra Pradesh,U,Anna YSR Congress Party,31143712,39405967,0,5511,0.02
Andhra Pradesh,U,B. C. United Front,31143712,39405967,0,649,
Andhra Pradesh,U,Bahujan Maha Party,31143712,39405967,0,1017,
Andhra Pradesh,U,Communist Party of India  (Marxist-Leninist)  (Liberation),31143712,39405967,0,4440,0.01
Andhra Pradesh,U,Communist Party of India (Marxist-Leninist) Red Star,31143712,39405967,0,3216,0.01
Andhra Pradesh,U,Dalita Bahujana Party,31143712,39405967,0,4444,0.01
Andhra Pradesh,U,Hardam Manavtawadi Rashtriya Dal,31143712,39405967,0,447,
Andhra Pradesh,U,India Praja Bandhu Party,31143712,39405967,0,6937,0.02
Andhra Pradesh,U,Indian Labour Party (Ambedkar Phule),31143712,39405967,0,1017,
Andhra Pradesh,U,Jana Jagruti Party,31143712,39405967,0,11464,0.04
Andhra Pradesh,U,Janapaalana Party (Democratic),31143712,39405967,0,913,
Andhra Pradesh,U,Janasena Party,31143712,39405967,0,1829346,5.87
Andhra Pradesh,U,Marxist Communist Party of India (United),31143712,39405967,0,583,
Andhra Pradesh,U,Mundadugu Praja Party,31143712,39405967,0,7342,0.02
Andhra Pradesh,U,National Dalitha Dhal Party,31143712,39405967,0,628,
Andhra Pradesh,U,National Nava Kranthi Party,31143712,39405967,0,887,
Andhra Pradesh,U,Nava Samaj Party,31143712,39405967,0,4286,0.01
Andhra Pradesh,U,Navarang Congress Party,31143712,39405967,0,1489,
Andhra Pradesh,U,Navataram Party,31143712,39405967,0,1135,
Andhra Pradesh,U,Navodayam Party,31143712,39405967,0,1341,
Andhra Pradesh,U,Praja Shanthi Party,31143712,39405967,0,9738,0.03
Andhra Pradesh,U,Pyramid Party of India,31143712,39405967,0,27339,0.09
Andhra Pradesh,U,Radical Democrats,31143712,39405967,0,1220,
Andhra Pradesh,U,Rajyadhikara Party,31143712,39405967,0,368,
Andhra Pradesh,U,Rashtriya Krantikari Samajwadi Party,31143712,39405967,0,3460,0.01
Andhra Pradesh,U,Rashtriya Praja Congress  (Secular),31143712,39405967,0,996,
Andhra Pradesh,U,Rayalaseema Rashtra Samithi,31143712,39405967,0,1229,
Andhra Pradesh,U,Republican Party of India (A),31143712,39405967,0,8614,0.03
Andhra Pradesh,U,Republican Party of India (Khobragade),31143712,39405967,0,1804,0.01
Andhra Pradesh,U,Samaanya Praja Party,31143712,39405967,0,4983,0.02
Andhra Pradesh,U,Samajwadi Forward Bloc,31143712,39405967,0,2107,0.01
Andhra Pradesh,U,SOCIAL DEMOCRATIC PARTY OF INDIA,31143712,39405967,0,7293,0.02
Andhra Pradesh,U,SOCIALIST UNITY CENTRE OF INDIA (COMMUNIST),31143712,39405967,0,2184,0.01
Andhra Pradesh,U,Viduthalai Chiruthaigal Katchi,31143712,39405967,0,4864,0.02
Andhra Pradesh,U,Vishwa Jana Party,31143712,39405967,0,1726,0.01
Andhra Pradesh,Z,Independent,31143712,39405967,0,248025,0.8
Andhra Pradesh,Z1,None of the Above,31143712,39405967,0,468822,1.51
Arunachal Pradesh,N,Bharatiya Janata Party,644627,803563,2,379679,58.9
Arunachal Pradesh,N,Indian National Congress,644627,803563,0,134888,20.92
Arunachal Pradesh,S,All India Forward Bloc,644627,803563,0,1921,0.3
Arunachal Pradesh,S,Janata Dal  (Secular),644627,803563,0,59878,9.29
Arunachal Pradesh,S,National People's Party,644627,803563,0,27119,4.21
Arunachal Pradesh,S,People's Party of Arunachal,644627,803563,0,27703,4.3
Arunachal Pradesh,Z,Independent,644627,803563,0,13439,2.08
Arunachal Pradesh,Z1,None of the Above,644627,803563,0,7464,1.16
Assam,N,All India Trinamool Congress,17807713,22050059,0,74522,0.42
Assam,N,Bharatiya Janata Party,17807713,22050059,9,6484596,36.41
Assam,N,Communist Party of India,17807713,22050059,0,31227,0.18
Assam,N,Communist Party of India  (Marxist),17807713,22050059,0,40937,0.23
Assam,N,Indian National Congress,17807713,22050059,3,6373659,35.79
Assam,N,Nationalist Congress Party,17807713,22050059,0,11010,0.06
Assam,S,All India Forward Bloc,17807713,22050059,0,5816,0.03
Assam,S,All India United Democratic Front,17807713,22050059,1,1402088,7.87
Assam,S,Asom Gana Parishad,17807713,22050059,0,1480697,8.31
Assam,S,Bodoland Peoples Front,17807713,22050059,0,446774,2.51
Assam,S,National People's Party,17807713,22050059,0,48689,0.27
Assam,S,Samajwadi Party,17807713,22050059,0,2383,0.01
Assam,U,Asom Jana Morcha,17807713,22050059,0,21678,0.12
Assam,U,Assam Dristi Party,17807713,22050059,0,8285,0.05
Assam,U,Autonomous State Demand Committee,17807713,22050059,0,36915,0.21
Assam,U,Bahujan Mukti Party,17807713,22050059,0,6933,0.04
Assam,U,Bharatiya Gana Parishad,17807713,22050059,0,13039,0.07
Assam,U,Bharatiya National Janta Dal,17807713,22050059,0,2072,0.01
Assam,U,Hindusthan Nirman Dal,17807713,22050059,0,22031,0.12
Assam,U,National Republican Congress,17807713,22050059,0,4278,0.02
Assam,U,Purvanchal Janta Party (Secular),17807713,22050059,0,22415,0.13
Assam,U,Republican Party of India (A),17807713,22050059,0,11250,0.06
Assam,U,SOCIALIST UNITY CENTRE OF INDIA (COMMUNIST),17807713,22050059,0,16831,0.09
Assam,U,Swarna Bharat Party,17807713,22050059,0,4110,0.02
Assam,U,The National Road Map Party of India,17807713,22050059,0,3973,0.02
Assam,U,"United People’s Party, Liberal",17807713,22050059,0,416305,2.34
Assam,U,Voters Party  International,17807713,22050059,0,50355,0.28
Assam,Z,Independent,17807713,22050059,1,764845,4.3
Assam,Z1,None of the Above,17807713,22050059,0,178353,1
Bihar,N,All India Trinamool Congress,39989711,71216290,0,5483,0.01
Bihar,N,Bahujan Samaj Party,39989711,71216290,0,682428,1.71
Bihar,N,Bharatiya Janata Party,39989711,71216290,17,9619548,24.06
Bihar,N,Communist Party of India,39989711,71216290,0,280250,0.7
Bihar,N,Communist Party of India  (Marxist),39989711,71216290,0,27577,0.07
Bihar,N,Indian National Congress,39989711,71216290,1,3140797,7.85
Bihar,N,Nationalist Congress Party,39989711,71216290,0,38991,0.1
Bihar,S,Aam Aadmi Party,39989711,71216290,0,26147,0.07
Bihar,S,All India Forward Bloc,39989711,71216290,0,16454,0.04
Bihar,S,All India Majlis-E-Ittehadul Muslimeen,39989711,71216290,0,295029,0.74
Bihar,S,Jammu & Kashmir National Panthers Party,39989711,71216290,0,3545,0.01
Bihar,S,Janata Dal  (United),39989711,71216290,16,8902719,22.26
Bihar,S,Jharkhand Mukti Morcha,39989711,71216290,0,30853,0.08
Bihar,S,Lok Jan Shakti Party,39989711,71216290,6,3206979,8.02
Bihar,S,Rashtriya Janata Dal,39989711,71216290,0,6270769,15.68
Bihar,S,Rashtriya Lok Samta Party,39989711,71216290,0,1462518,3.66
Bihar,S,Samajwadi Party,39989711,71216290,0,2881,0.01
Bihar,S,Shivsena,39989711,71216290,0,64462,0.16
Bihar,U,Aadarsh Mithila Party,39989711,71216290,0,11311,0.03
Bihar,U,Aam Adhikar Morcha,39989711,71216290,0,32218,0.08
Bihar,U,Aam Janta Party Rashtriya,39989711,71216290,0,31017,0.08
Bihar,U,Aap Aur Hum Party,39989711,71216290,0,3434,0.01
Bihar,U,Akhil Bharatiya Jan Sangh,39989711,71216290,0,3597,0.01
Bihar,U,Akhil Bhartiya Apna Dal,39989711,71216290,0,4378,0.01
Bihar,U,Akhil Bhartiya Mithila Party,39989711,71216290,0,10127,0.03
Bihar,U,Akhil Hind Forward Bloc (Krantikari),39989711,71216290,0,23252,0.06
Bihar,U,Ambedkar National Congress,39989711,71216290,0,12431,0.03
Bihar,U,Ambedkarite Party of India,39989711,71216290,0,25234,0.06
Bihar,U,Apna Kisan Party,39989711,71216290,0,8354,0.02
Bihar,U,Asli Deshi Party,39989711,71216290,0,11598,0.03
Bihar,U,Bahujan Azad Party,39989711,71216290,0,1814,
Bihar,U,Bahujan Mukti Party,39989711,71216290,0,63443,0.16
Bihar,U,Bahujan Nyay Dal,39989711,71216290,0,26065,0.07
Bihar,U,Bajjikanchal Vikas Party,39989711,71216290,0,40906,0.1
Bihar,U,Baliraja Party,39989711,71216290,0,12270,0.03
Bihar,U,Bharat Bhrashtachar Mitao Party,39989711,71216290,0,9894,0.02
Bihar,U,Bharat Nirman Party,39989711,71216290,0,5674,0.01
Bihar,U,Bharat Prabhat Party,39989711,71216290,0,4965,0.01
Bihar,U,Bharatiya Aam Awam Party,39989711,71216290,0,9628,0.02
Bihar,U,Bharatiya Bahujan Congress,39989711,71216290,0,19003,0.05
Bihar,U,Bharatiya Jan Kranti Dal (Democratic),39989711,71216290,0,23414,0.06
Bihar,U,Bharatiya Momin Front,39989711,71216290,0,23765,0.06
Bihar,U,Bharatiya Rashtriya Morcha,39989711,71216290,0,7944,0.02
Bihar,U,Bharatiya Samta Samaj Party,39989711,71216290,0,3615,0.01
Bihar,U,Bhartiya Dalit Party,39989711,71216290,0,15376,0.04
Bihar,U,Bhartiya Insan Party,39989711,71216290,0,1613,
Bihar,U,Bhartiya Kranti Vir Party,39989711,71216290,0,3778,0.01
Bihar,U,Bhartiya Lokmat Rashtrwadi Party,39989711,71216290,0,4208,0.01
Bihar,U,Bhartiya Mitra Party,39989711,71216290,0,12737,0.03
Bihar,U,Bhartiya New Sanskar Krantikari Party,39989711,71216290,0,2640,0.01
Bihar,U,Bihar Lok Nirman Dal,39989711,71216290,0,32445,0.08
Bihar,U,Communist Party of India  (Marxist-Leninist)  (Liberation),39989711,71216290,0,545096,1.36
Bihar,U,Garib Janshakti Party,39989711,71216290,0,11678,0.03
Bihar,U,Hindustani Awam Morcha (Secular),39989711,71216290,0,956501,2.39
Bihar,U,Hindusthan Nirman Dal,39989711,71216290,0,10966,0.03
Bihar,U,Jago Hindustan Party,39989711,71216290,0,6171,0.02
Bihar,U,Jai Hind Party,39989711,71216290,0,13693,0.03
Bihar,U,Jai Prakash Janata Dal,39989711,71216290,0,17791,0.04
Bihar,U,Jan Adhikar Party,39989711,71216290,0,34770,0.09
Bihar,U,Jan Adhikar Party (Loktantrik),39989711,71216290,0,97631,0.24
Bihar,U,Janata Party,39989711,71216290,0,13467,0.03
Bihar,U,Janhit Kisan Party,39989711,71216290,0,9264,0.02
Bihar,U,Janta Dal Rashtravadi,39989711,71216290,0,27584,0.07
Bihar,U,Janta Raj Vikas Party,39989711,71216290,0,2364,0.01
Bihar,U,Jantantrik Vikas Party,39989711,71216290,0,17955,0.04
Bihar,U,Janvadi Party(Socialist),39989711,71216290,0,1793,
Bihar,U,Kisan Party of India,39989711,71216290,0,3064,0.01
Bihar,U,Lok  Chetna  Dal,39989711,71216290,0,2384,0.01
Bihar,U,Lok Jan Vikas Morcha,39989711,71216290,0,9278,0.02
Bihar,U,Lok Sewa Dal,39989711,71216290,0,6313,0.02
Bihar,U,Loktantrik Jan Swaraj Party,39989711,71216290,0,9868,0.02
Bihar,U,Maanavvaadi Janta Party,39989711,71216290,0,6267,0.02
Bihar,U,Mithilanchal Mukti Morcha,39989711,71216290,0,4413,0.01
Bihar,U,Moolniwasi Samaj Party,39989711,71216290,0,17980,0.04
Bihar,U,Moulik Adhikar Party,39989711,71216290,0,14532,0.04
Bihar,U,National Jagaran Party,39989711,71216290,0,4444,0.01
Bihar,U,Peoples Party of India (Democratic),39989711,71216290,0,55477,0.14
Bihar,U,Pragatishil Samajwadi Party (Lohia),39989711,71216290,0,20434,0.05
Bihar,U,"Proutist Bloc, India",39989711,71216290,0,5965,0.01
Bihar,U,Proutist Sarva Samaj,39989711,71216290,0,2830,0.01
Bihar,U,Public Mission Party,39989711,71216290,0,13238,0.03
Bihar,U,Purvanchal Janta Party (Secular),39989711,71216290,0,5074,0.01
Bihar,U,Purvanchal Mahapanchayat,39989711,71216290,0,11081,0.03
Bihar,U,Rajnaitik Vikalp Party,39989711,71216290,0,9109,0.02
Bihar,U,Rashtra Sewa Dal,39989711,71216290,0,8381,0.02
Bihar,U,Rashtravadi Janata Party,39989711,71216290,0,10721,0.03
Bihar,U,Rashtrawadi Chetna Party,39989711,71216290,0,1975,
Bihar,U,Rashtriya Dal United,39989711,71216290,0,1907,
Bihar,U,Rashtriya Hind Sena,39989711,71216290,0,67782,0.17
Bihar,U,Rashtriya Jansambhavna Party,39989711,71216290,0,37610,0.09
Bihar,U,Rashtriya Janvikas Party (Democratic),39989711,71216290,0,1414,
Bihar,U,Rashtriya mahan Gantantra Party,39989711,71216290,0,16371,0.04
Bihar,U,Rashtriya Pragati Party,39989711,71216290,0,2718,0.01
Bihar,U,Rashtriya Rashtrawadi Party,39989711,71216290,0,3195,0.01
Bihar,U,Rashtriya Sahyog Party,39989711,71216290,0,2756,0.01
Bihar,U,Rashtriya Samta Party (Secular),39989711,71216290,0,55803,0.14
Bihar,U,Rashtriya Sarvjan Vikas Party,39989711,71216290,0,6497,0.02
Bihar,U,Rashtriya Ulama Council,39989711,71216290,0,3776,0.01
Bihar,U,Republican Party of India,39989711,71216290,0,6428,0.02
Bihar,U,Republican Party of India (A),39989711,71216290,0,10283,0.03
Bihar,U,Samagra Utthan Party,39989711,71216290,0,6514,0.02
Bihar,U,Samajwadi Janata Dal Democratic,39989711,71216290,0,25630,0.06
Bihar,U,Sankhyanupati Bhagidari Party,39989711,71216290,0,6395,0.02
Bihar,U,Sanyukt Vikas Party,39989711,71216290,0,2364,0.01
Bihar,U,Sapaks Party,39989711,71216290,0,3978,0.01
Bihar,U,Sathi Aur Aapka Faisala Party,39989711,71216290,0,8643,0.02
Bihar,U,Shoshit Samaj Dal,39989711,71216290,0,54483,0.14
Bihar,U,SOCIALIST UNITY CENTRE OF INDIA (COMMUNIST),39989711,71216290,0,33146,0.08
Bihar,U,Suheldev Bharatiya Samaj Party,39989711,71216290,0,36617,0.09
Bihar,U,Swaraj Party (Loktantrik),39989711,71216290,0,15132,0.04
Bihar,U,Swatantra Samaj Party,39989711,71216290,0,2069,0.01
Bihar,U,Vanchit Samaj Party,39989711,71216290,0,17856,0.04
Bihar,U,Vikassheel Insaan Party,39989711,71216290,0,660706,1.65
Bihar,U,Voters Party  International,39989711,71216290,0,42919,0.11
Bihar,U,Wazib Adhikar Party,39989711,71216290,0,29392,0.07
Bihar,U,Yuva Krantikari Party,39989711,71216290,0,30492,0.08
Bihar,Z,Independent,39989711,71216290,0,2227705,5.57
Bihar,Z1,None of the Above,39989711,71216290,0,816950,2.04
Goa,N,Bharatiya Janata Party,840704,1136113,1,436650,51.94
Goa,N,Indian National Congress,840704,1136113,1,366158,43.55
Goa,S,Aam Aadmi Party,840704,1136113,0,25647,3.05
Goa,S,Shivsena,840704,1136113,0,1763,0.21
Goa,U,Republican Party of India  (Kamble),840704,1136113,0,2809,0.33
Goa,Z,Independent,840704,1136113,0,7677,0.91
Goa,Z1,None of the Above,840704,1136113,0,12499,1.49
Gujarat,N,Bahujan Samaj Party,28681032,45152373,0,249184,0.87
Gujarat,N,Bharatiya Janata Party,28681032,45152373,26,18091275,63.08
Gujarat,N,Communist Party of India,28681032,45152373,0,5735,0.02
Gujarat,N,Indian National Congress,28681032,45152373,0,9337084,32.55
Gujarat,N,Nationalist Congress Party,28681032,45152373,0,27305,0.1
Gujarat,U,Akhil Bharatiya Jan Sangh,28681032,45152373,0,1034,
Gujarat,U,All India Hindustan Congress Party,28681032,45152373,0,1097,
Gujarat,U,Ambedkar National Congress,28681032,45152373,0,2804,0.01
Gujarat,U,Ambedkarite Party of India,28681032,45152373,0,1055,
Gujarat,U,Apna Desh Party,28681032,45152373,0,5682,0.02
Gujarat,U,Bahujan Maha Party,28681032,45152373,0,713,
Gujarat,U,Bahujan Mukti Party,28681032,45152373,0,20823,0.07
Gujarat,U,Bahujan Republican  Socialist Party,28681032,45152373,0,1692,0.01
Gujarat,U,Bahujan Suraksha Dal,28681032,45152373,0,743,
Gujarat,U,Bharatiya Bahujan Congress,28681032,45152373,0,497,
Gujarat,U,Bharatiya National Janta Dal,28681032,45152373,0,5271,0.02
Gujarat,U,Bharatiya Rashtravadi Paksha,28681032,45152373,0,992,
Gujarat,U,Bhartiya Manavadhikaar Federal Party,28681032,45152373,0,858,
Gujarat,U,Bhartiya Shakti Chetna Party,28681032,45152373,0,613,
Gujarat,U,Bhartiya Tribal Party,28681032,45152373,0,180260,0.63
Gujarat,U,Garvi Gujarat Party,28681032,45152373,0,10469,0.04
Gujarat,U,Gujarat Janta Panchayat Party,28681032,45152373,0,1524,0.01
Gujarat,U,Hindusthan Nirman Dal,28681032,45152373,0,22482,0.08
Gujarat,U,Jan Sangharsh Virat Party,28681032,45152373,0,3330,0.01
Gujarat,U,Jan Satya Path Party,28681032,45152373,0,3646,0.01
Gujarat,U,Lok Gathbandhan Party,28681032,45152373,0,635,
Gujarat,U,Loktantrik Rashrtavadi Party,28681032,45152373,0,705,
Gujarat,U,Manvadhikar National Party,28681032,45152373,0,1887,0.01
Gujarat,U,New All India Congress Party,28681032,45152373,0,3391,0.01
Gujarat,U,Nirbhay Bharteey Party,28681032,45152373,0,2449,0.01
Gujarat,U,Peoples Party of India (Democratic),28681032,45152373,0,2163,0.01
Gujarat,U,Prajatantra Aadhar Party,28681032,45152373,0,1346,
Gujarat,U,Pyramid Party of India,28681032,45152373,0,1472,0.01
Gujarat,U,Rashtra Vikas Zumbes Party,28681032,45152373,0,1290,
Gujarat,U,Rashtriya Nav Nirman Bharat Party,28681032,45152373,0,811,
Gujarat,U,Rashtriya Power Party,28681032,45152373,0,3762,0.01
Gujarat,U,Rashtriya Samaj Paksha,28681032,45152373,0,3016,0.01
Gujarat,U,Rashtriya Samajwadi Party  (Secular),28681032,45152373,0,3256,0.01
Gujarat,U,Real Democracy Party,28681032,45152373,0,532,
Gujarat,U,Right to Recall Party,28681032,45152373,0,3577,0.01
Gujarat,U,Sanyukt Vikas Party,28681032,45152373,0,3282,0.01
Gujarat,U,Sardar Vallabhbhai Patel Party,28681032,45152373,0,13884,0.05
Gujarat,U,Sarvodaya Bharat Party,28681032,45152373,0,604,
Gujarat,U,SOCIALIST UNITY CENTRE OF INDIA (COMMUNIST),28681032,45152373,0,1614,0.01
Gujarat,U,Svatantra Bharat Satyagrah Party,28681032,45152373,0,2142,0.01
Gujarat,U,Vyavastha Parivartan Party,28681032,45152373,0,14974,0.05
Gujarat,U,Yuva Jan Jagriti Party,28681032,45152373,0,10147,0.04
Gujarat,U,Yuva Sarkar,28681032,45152373,0,1296,
Gujarat,Z,Independent,28681032,45152373,0,626629,2.18
Gujarat,Z1,None of the Above,28681032,45152373,0,400932,1.4
Haryana,N,Bahujan Samaj Party,12639755,18057010,0,461273,3.65
Haryana,N,Bharatiya Janata Party,12639755,18057010,10,7357347,58.21
Haryana,N,Communist Party of India,12639755,18057010,0,7563,0.06
Haryana,N,Communist Party of India  (Marxist),12639755,18057010,0,9150,0.07
Haryana,N,Indian National Congress,12639755,18057010,0,3604106,28.51
Haryana,S,Aam Aadmi Party,12639755,18057010,0,45498,0.36
Haryana,S,All India Forward Bloc,12639755,18057010,0,1523,0.01
Haryana,S,Indian National Lok Dal,12639755,18057010,0,240258,1.9
Haryana,S,Shivsena,12639755,18057010,0,6761,0.05
Haryana,U,Aadarsh Janata Sewa Party,12639755,18057010,0,551,
Haryana,U,Aapki Apni Party (Peoples),12639755,18057010,0,6729,0.05
Haryana,U,AARAKSHAN VIRODHI PARTY,12639755,18057010,0,471,
Haryana,U,Adim Bhartiya Dal,12639755,18057010,0,716,0.01
Haryana,U,Akhil Bharatiya Jan Sangh,12639755,18057010,0,1027,0.01
Haryana,U,Bahujan Maha Party,12639755,18057010,0,357,
Haryana,U,Bahujan Mukti Party,12639755,18057010,0,11162,0.09
Haryana,U,Bharat Prabhat Party,12639755,18057010,0,4587,0.04
Haryana,U,Bhartiya Jan Samman Party,12639755,18057010,0,766,0.01
Haryana,U,Bhartiya Janraj Party,12639755,18057010,0,2209,0.02
Haryana,U,Bhartiya Kisan Party,12639755,18057010,0,2688,0.02
Haryana,U,Bhartiya Shakti Chetna Party,12639755,18057010,0,4532,0.04
Haryana,U,Daksha Party,12639755,18057010,0,346,
Haryana,U,Dalit Soshit Pichhara Varg  Adhikar Dal,12639755,18057010,0,422,
Haryana,U,Hind Congress Party,12639755,18057010,0,1192,0.01
Haryana,U,Jai Jawan Jai Kisan Party,12639755,18057010,0,1243,0.01
Haryana,U,Jannayak Janta Party,12639755,18057010,0,619970,4.9
Haryana,U,Lokpriya Samaj Party,12639755,18057010,0,478,
Haryana,U,Loktanter Suraksha Party,12639755,18057010,0,55280,0.44
Haryana,U,Mahila & Yuva Shakti Party,12639755,18057010,0,605,
Haryana,U,Navnirman Party,12639755,18057010,0,985,0.01
Haryana,U,Peoples Party of India (Democratic),12639755,18057010,0,10849,0.09
Haryana,U,Pragatishil Samajwadi Party (Lohia),12639755,18057010,0,8094,0.06
Haryana,U,Rashtra Nirman Party,12639755,18057010,0,658,0.01
Haryana,U,Rashtriya Bhagidari Samaj Party,12639755,18057010,0,1777,0.01
Haryana,U,Rashtriya Garib Dal,12639755,18057010,0,774,0.01
Haryana,U,Rashtriya Jatigat Aarakshan Virodhi Party,12639755,18057010,0,535,
Haryana,U,Rashtriya Lokswaraj Party,12639755,18057010,0,9005,0.07
Haryana,U,Rashtriya Mazdoor Ekta Party,12639755,18057010,0,509,
Haryana,U,Rashtriya Rashtrawadi Party,12639755,18057010,0,1868,0.01
Haryana,U,Rashtriya Sahara Party,12639755,18057010,0,527,
Haryana,U,Rashtriya Vikas Party,12639755,18057010,0,477,
Haryana,U,Republican Party of India,12639755,18057010,0,443,
Haryana,U,Republican Party of India (A),12639755,18057010,0,2128,0.02
Haryana,U,Republican Party of India Ektavadi,12639755,18057010,0,463,
Haryana,U,Revolutionary Marxist Party of India,12639755,18057010,0,1851,0.01
Haryana,U,Samajik Nyaya Party,12639755,18057010,0,5027,0.04
Haryana,U,Sapaks Party,12639755,18057010,0,770,0.01
Haryana,U,SOCIALIST UNITY CENTRE OF INDIA (COMMUNIST),12639755,18057010,0,5760,0.05
Haryana,U,Tola Party,12639755,18057010,0,330,
Haryana,U,Voters Party,12639755,18057010,0,2478,0.02
Haryana,Z,Independent,12639755,18057010,0,135637,1.07
Haryana,Z1,None of the Above,12639755,18057010,0,41781,0.33
Himachal Pradesh,N,Bahujan Samaj Party,3817724,5330154,0,32780,0.86
Himachal Pradesh,N,Bharatiya Janata Party,3817724,5330154,4,2661281,69.71
Himachal Pradesh,N,Communist Party of India  (Marxist),3817724,5330154,0,14838,0.39
Himachal Pradesh,N,Indian National Congress,3817724,5330154,0,1051113,27.53
Himachal Pradesh,S,All India Forward Bloc,3817724,5330154,0,7097,0.19
Himachal Pradesh,U,Ambedkarite Party of India,3817724,5330154,0,1872,0.05
Himachal Pradesh,U,Bahujan Mukti Party,3817724,5330154,0,473,0.01
Himachal Pradesh,U,Bhartiya Shakti Chetna Party,3817724,5330154,0,751,0.02
Himachal Pradesh,U,Himachal Jan Kranti Party,3817724,5330154,0,970,0.03
Himachal Pradesh,U,Navbharat Ekta Dal,3817724,5330154,0,2371,0.06
Himachal Pradesh,U,Peoples Party of India (Democratic),3817724,5330154,0,511,0.01
Himachal Pradesh,U,Rashtriya Azad Manch,3817724,5330154,0,3799,0.1
Himachal Pradesh,U,Satya Bahumat Party,3817724,5330154,0,2319,0.06
Himachal Pradesh,U,Swabhiman Party,3817724,5330154,0,1839,0.05
Himachal Pradesh,Z,Independent,3817724,5330154,0,35710,0.94
Himachal Pradesh,Z1,None of the Above,3817724,5330154,0,33008,0.86
Jammu & Kashmir,N,Bahujan Samaj Party,3530883,7922538,0,30877,0.87
Jammu & Kashmir,N,Bharatiya Janata Party,3530883,7922538,3,1648041,46.68
Jammu & Kashmir,N,Indian National Congress,3530883,7922538,0,1011527,28.65
Jammu & Kashmir,S,All India Forward Bloc,3530883,7922538,0,3866,0.11
Jammu & Kashmir,S,Jammu & Kashmir National Conference,3530883,7922538,3,280356,7.94
Jammu & Kashmir,S,Jammu & Kashmir National Panthers Party,3530883,7922538,0,34044,0.96
Jammu & Kashmir,S,Jammu & Kashmir Peoples Democratic Party,3530883,7922538,0,84054,2.38
Jammu & Kashmir,S,Janata Dal  (United),3530883,7922538,0,1250,0.04
Jammu & Kashmir,S,Shivsena,3530883,7922538,0,3430,0.1
Jammu & Kashmir,U,"Dogra Swabhiman Sangathan Party,",3530883,7922538,0,26588,0.75
Jammu & Kashmir,U,Hindusthan Nirman Dal,3530883,7922538,0,1281,0.04
Jammu & Kashmir,U,Independent People’s Party,3530883,7922538,0,1723,0.05
Jammu & Kashmir,U,Jammu & Kashmir People Conference,3530883,7922538,0,133612,3.78
Jammu & Kashmir,U,Jammu & Kashmir Pir Panjal Awami Party,3530883,7922538,0,1612,0.05
Jammu & Kashmir,U,Manvadhikar National Party,3530883,7922538,0,2184,0.06
Jammu & Kashmir,U,Navarang Congress Party,3530883,7922538,0,2776,0.08
Jammu & Kashmir,U,Peoples Democratic Party,3530883,7922538,0,36700,1.04
Jammu & Kashmir,U,Pragatishil Samajwadi Party (Lohia),3530883,7922538,0,217,0.01
Jammu & Kashmir,U,Rashtriya Jankranti Party,3530883,7922538,0,506,0.01
Jammu & Kashmir,Z,Independent,3530883,7922538,0,226239,6.41
Jammu & Kashmir,Z1,None of the Above,3530883,7922538,0,21739,0.62
Karnataka,N,Bahujan Samaj Party,34887872,51094530,0,412382,1.18
Karnataka,N,Bharatiya Janata Party,34887872,51094530,25,18053454,51.75
Karnataka,N,Communist Party of India,34887872,51094530,0,17227,0.05
Karnataka,N,Communist Party of India  (Marxist),34887872,51094530,0,18648,0.05
Karnataka,N,Indian National Congress,34887872,51094530,1,11203016,32.11
Karnataka,S,Janata Dal  (Secular),34887872,51094530,1,3397229,9.74
Karnataka,S,Shivsena,34887872,51094530,0,14350,0.04
Karnataka,U,Aihra National Party,34887872,51094530,0,4992,0.01
Karnataka,U,Akhil Bharatiya Muslim League (Secular),34887872,51094530,0,4624,0.01
Karnataka,U,All India Hindustan Congress Party,34887872,51094530,0,1189,
Karnataka,U,Ambedkar Samaj Party,34887872,51094530,0,22619,0.06
Karnataka,U,Ambedkarite Party of India,34887872,51094530,0,3635,0.01
Karnataka,U,Azad Mazdoor Kissan Party,34887872,51094530,0,829,
Karnataka,U,Bahujan Maha Party,34887872,51094530,0,2028,0.01
Karnataka,U,Bahujan Mukti Party,34887872,51094530,0,645,
Karnataka,U,Bharat Bhoomi Party,34887872,51094530,0,1685,
Karnataka,U,Bharat Prabhat Party,34887872,51094530,0,2372,0.01
Karnataka,U,Bharatiya Jan Kranti Dal (Democratic),34887872,51094530,0,3344,0.01
Karnataka,U,Bharatiya Peoples Party,34887872,51094530,0,1649,
Karnataka,U,Bharatiya Prajagala Kalyana Paksha,34887872,51094530,0,1184,
Karnataka,U,Bharipa Bahujan Mahasangh,34887872,51094530,0,5971,0.02
Karnataka,U,BhartiyaBahujanKranti Dal,34887872,51094530,0,2159,0.01
Karnataka,U,Communist Party of India (Marxist-Leninist) Red Star,34887872,51094530,0,3275,0.01
Karnataka,U,Democratic Prajakranthi Party Secularist,34887872,51094530,0,429,
Karnataka,U,Engineers Party,34887872,51094530,0,1442,
Karnataka,U,Gareeb Aadmi Party,34887872,51094530,0,385,
Karnataka,U,Hindustan Janta Party,34887872,51094530,0,4400,0.01
Karnataka,U,India Praja Bandhu Party,34887872,51094530,0,4625,0.01
Karnataka,U,Indian Christian Front,34887872,51094530,0,3017,0.01
Karnataka,U,Indian Labour Party (Ambedkar Phule),34887872,51094530,0,3906,0.01
Karnataka,U,Indian New Congress Party,34887872,51094530,0,20235,0.06
Karnataka,U,Jai Vijaya Bharathi Party,34887872,51094530,0,696,
Karnataka,U,Kannada Chalavali Vatal Paksha,34887872,51094530,0,2510,0.01
Karnataka,U,Karnataka Jantha Paksha,34887872,51094530,0,2013,0.01
Karnataka,U,Karnataka Karmikara Paksha,34887872,51094530,0,3084,0.01
Karnataka,U,Karnataka Pragnyavantha Janatha Party,34887872,51094530,0,1207,
Karnataka,U,Karnataka Praja Party (RaithaParva),34887872,51094530,0,3697,0.01
Karnataka,U,Kranti Kari Jai Hind Sena,34887872,51094530,0,1707,
Karnataka,U,Marxist Leninist Party of India (Red Flag),34887872,51094530,0,1609,
Karnataka,U,National Development Party,34887872,51094530,0,1138,
Karnataka,U,Pragatishil Samajwadi Party (Lohia),34887872,51094530,0,2055,0.01
Karnataka,U,Praja Satta Party,34887872,51094530,0,742,
Karnataka,U,"Proutist Bloc, India",34887872,51094530,0,1320,
Karnataka,U,Proutist Sarva Samaj,34887872,51094530,0,3539,0.01
Karnataka,U,Purvanchal Janta Party (Secular),34887872,51094530,0,1241,
Karnataka,U,Pyramid Party of India,34887872,51094530,0,20760,0.06
Karnataka,U,Raita Bharat Party,34887872,51094530,0,811,
Karnataka,U,Rashtriya Jansambhavna Party,34887872,51094530,0,3128,0.01
Karnataka,U,Rashtriya Samaj Paksha,34887872,51094530,0,4863,0.01
Karnataka,U,Republican Party of India,34887872,51094530,0,1059,
Karnataka,U,Republican Party of India (A),34887872,51094530,0,6545,0.02
Karnataka,U,Republican Party of India (Karnataka),34887872,51094530,0,14746,0.04
Karnataka,U,Republican Sena,34887872,51094530,0,5654,0.02
Karnataka,U,Right to Recall Party,34887872,51094530,0,1033,
Karnataka,U,Samajwadi Forward Bloc,34887872,51094530,0,3397,0.01
Karnataka,U,Samajwadi Janata Party(Karnataka),34887872,51094530,0,4991,0.01
Karnataka,U,Sarva Janata Party,34887872,51094530,0,14213,0.04
Karnataka,U,Secular Democratic Congress,34887872,51094530,0,1016,
Karnataka,U,SOCIAL DEMOCRATIC PARTY OF INDIA,34887872,51094530,0,46839,0.13
Karnataka,U,SOCIALIST UNITY CENTRE OF INDIA (COMMUNIST),34887872,51094530,0,24505,0.07
Karnataka,U,Uttama Prajaakeeya Party,34887872,51094530,0,120800,0.35
Karnataka,U,Viduthalai Chiruthaigal Katchi,34887872,51094530,0,922,
Karnataka,Z,Independent,34887872,51094530,1,1369087,3.92
Karnataka,Z1,None of the Above,34887872,51094530,0,250810,0.72
Kerala,N,Bahujan Samaj Party,20281620,26204836,0,50153,0.25
Kerala,N,Bharatiya Janata Party,20281620,26204836,0,2635810,13
Kerala,N,Communist Party of India,20281620,26204836,0,1233886,6.08
Kerala,N,Communist Party of India  (Marxist),20281620,26204836,1,5266510,25.97
Kerala,N,Indian National Congress,20281620,26204836,15,7596610,37.46
Kerala,S,Indian Union Muslim League,20281620,26204836,2,1111697,5.48
Kerala,S,Kerala Congress  (M),20281620,26204836,1,421046,2.08
Kerala,S,Revolutionary Socialist Party,20281620,26204836,1,499677,2.46
Kerala,U,Agila India Makkal Kazhagam,20281620,26204836,0,845,
Kerala,U,Ambedkarite Party of India,20281620,26204836,0,3958,0.02
Kerala,U,Bharath Dharma Jana Sena,20281620,26204836,0,380847,1.88
Kerala,U,Communist Party of India (Marxist-Leninist) Red Star,20281620,26204836,0,3731,0.02
Kerala,U,Indian Gandhiyan Party,20281620,26204836,0,320,
Kerala,U,Kerala Congress,20281620,26204836,0,155135,0.76
Kerala,U,Marxist Communist Party of India (United),20281620,26204836,0,871,
Kerala,U,National Labour Party,20281620,26204836,0,2833,0.01
Kerala,U,Peoples Democratic Party,20281620,26204836,0,3156,0.02
Kerala,U,Pravasi Nivasi Party,20281620,26204836,0,1695,0.01
Kerala,U,Rashtriya Samaj Paksha,20281620,26204836,0,379,
Kerala,U,Samajwadi Forward Bloc,20281620,26204836,0,932,
Kerala,U,Secular Democratic Congress,20281620,26204836,0,804,
Kerala,U,SOCIAL DEMOCRATIC PARTY OF INDIA,20281620,26204836,0,80111,0.39
Kerala,U,SOCIALIST UNITY CENTRE OF INDIA (COMMUNIST),20281620,26204836,0,11527,0.06
Kerala,U,Viduthalai Chiruthaigal Katchi,20281620,26204836,0,1628,0.01
Kerala,Z,Independent,20281620,26204836,0,817459,4.03
Kerala,Z1,None of the Above,20281620,26204836,0,103596,0.51
Madhya Pradesh,N,Bahujan Samaj Party,36569626,51867474,0,878013,2.4
Madhya Pradesh,N,Bharatiya Janata Party,36569626,51867474,28,21406911,58.54
Madhya Pradesh,N,Communist Party of India,36569626,51867474,0,91704,0.25
Madhya Pradesh,N,Communist Party of India  (Marxist),36569626,51867474,0,10423,0.03
Madhya Pradesh,N,Indian National Congress,36569626,51867474,1,12733074,34.82
Madhya Pradesh,S,All India Forward Bloc,36569626,51867474,0,3236,0.01
Madhya Pradesh,S,Janata Dal  (United),36569626,51867474,0,6320,0.02
Madhya Pradesh,S,Samajwadi Party,36569626,51867474,0,82662,0.23
Madhya Pradesh,S,Shivsena,36569626,51867474,0,9900,0.03
Madhya Pradesh,U,Aajad Bharat Party (Democratic),36569626,51867474,0,3472,0.01
Madhya Pradesh,U,AARAKSHAN VIRODHI PARTY,36569626,51867474,0,6335,0.02
Madhya Pradesh,U,Adarsh Nyay Rakshak Party,36569626,51867474,0,2360,0.01
Madhya Pradesh,U,Adhikar Vikas Party,36569626,51867474,0,1325,
Madhya Pradesh,U,Ahinsa Samaj Party,36569626,51867474,0,1424,
Madhya Pradesh,U,Akhand Rashtrawadi Party,36569626,51867474,0,933,
Madhya Pradesh,U,Akhil Bharat Hindu Mahasabha,36569626,51867474,0,3081,0.01
Madhya Pradesh,U,Akhil Bhartiya Apna Dal,36569626,51867474,0,6879,0.02
Madhya Pradesh,U,Akhil Bhartiya Gondwana Party,36569626,51867474,0,46595,0.13
Madhya Pradesh,U,All India Hindustan Congress Party,36569626,51867474,0,5584,0.02
Madhya Pradesh,U,All India Ulama Congress,36569626,51867474,0,4024,0.01
Madhya Pradesh,U,Ambedkarite Party of India,36569626,51867474,0,32423,0.09
Madhya Pradesh,U,Bahujan Maha Party,36569626,51867474,0,7760,0.02
Madhya Pradesh,U,Bahujan Mukti Party,36569626,51867474,0,34642,0.09
Madhya Pradesh,U,Bharat Prabhat Party,36569626,51867474,0,16598,0.05
Madhya Pradesh,U,Bharatiya Jan Morcha Party,36569626,51867474,0,1055,
Madhya Pradesh,U,Bhartiya Amrit Party,36569626,51867474,0,4632,0.01
Madhya Pradesh,U,Bhartiya Jan Sampark Party,36569626,51867474,0,1392,
Madhya Pradesh,U,Bhartiya Lokmat Rashtrwadi Party,36569626,51867474,0,3435,0.01
Madhya Pradesh,U,Bhartiya Manav Samaj Party,36569626,51867474,0,1311,
Madhya Pradesh,U,Bhartiya Shakti Chetna Party,36569626,51867474,0,61758,0.17
Madhya Pradesh,U,Bhartiya Tribal Party,36569626,51867474,0,14784,0.04
Madhya Pradesh,U,Chhattisgarh Vikas Ganga Rashtriya Party,36569626,51867474,0,3353,0.01
Madhya Pradesh,U,Communist Party of India (Marxist-Leninist) Red Star,36569626,51867474,0,3848,0.01
Madhya Pradesh,U,Gondvana Gantantra Party,36569626,51867474,0,111512,0.3
Madhya Pradesh,U,Hindusthan Nirman Dal,36569626,51867474,0,17767,0.05
Madhya Pradesh,U,Jai Lok Party,36569626,51867474,0,473,
Madhya Pradesh,U,Jan Adhikar Party,36569626,51867474,0,3112,0.01
Madhya Pradesh,U,Jan Samman party,36569626,51867474,0,1158,
Madhya Pradesh,U,Janata Congress,36569626,51867474,0,7888,0.02
Madhya Pradesh,U,Kisan Party of India,36569626,51867474,0,2583,0.01
Madhya Pradesh,U,"Kisan Raj Party,",36569626,51867474,0,2426,0.01
Madhya Pradesh,U,Madhya Pradesh Jan Vikas Party,36569626,51867474,0,15472,0.04
Madhya Pradesh,U,Minorities Democratic Party,36569626,51867474,0,4455,0.01
Madhya Pradesh,U,National Women's Party,36569626,51867474,0,1748,
Madhya Pradesh,U,Parivartan Samaj Party,36569626,51867474,0,1204,
Madhya Pradesh,U,Peoples Party of India (Democratic),36569626,51867474,0,35703,0.1
Madhya Pradesh,U,Pichhara Samaj Party United,36569626,51867474,0,2304,0.01
Madhya Pradesh,U,Poorvanchal Rashtriya Congress,36569626,51867474,0,9906,0.03
Madhya Pradesh,U,Pragatishil Samajwadi Party (Lohia),36569626,51867474,0,23901,0.07
Madhya Pradesh,U,Prajatantrik Samadhan Party,36569626,51867474,0,4612,0.01
Madhya Pradesh,U,"Proutist Bloc, India",36569626,51867474,0,1890,0.01
Madhya Pradesh,U,Rashtra Nirman Party,36569626,51867474,0,930,
Madhya Pradesh,U,Rashtriya Aadarsh Member Party,36569626,51867474,0,1965,0.01
Madhya Pradesh,U,Rashtriya Aamjan Party,36569626,51867474,0,2272,0.01
Madhya Pradesh,U,Rashtriya Apna Dal,36569626,51867474,0,5696,0.02
Madhya Pradesh,U,Rashtriya Krantikari Samajwadi Party,36569626,51867474,0,1431,
Madhya Pradesh,U,Rashtriya Rashtrawadi Party,36569626,51867474,0,1113,
Madhya Pradesh,U,Rashtriya Samaj Paksha,36569626,51867474,0,2164,0.01
Madhya Pradesh,U,Rashtriya Shoshit Samaj Party,36569626,51867474,0,7361,0.02
Madhya Pradesh,U,Republican Party of India (A),36569626,51867474,0,9299,0.03
Madhya Pradesh,U,Republican Party of India (Reformist),36569626,51867474,0,825,
Madhya Pradesh,U,Right to Recall Party,36569626,51867474,0,484,
Madhya Pradesh,U,Samagra Utthan Party,36569626,51867474,0,15558,0.04
Madhya Pradesh,U,Saman Aadmi Saman Party,36569626,51867474,0,6368,0.02
Madhya Pradesh,U,Samata Samadhan Party,36569626,51867474,0,9396,0.03
Madhya Pradesh,U,Samta Vikas Party,36569626,51867474,0,2688,0.01
Madhya Pradesh,U,Sanatan Sanskriti Raksha Dal,36569626,51867474,0,572,
Madhya Pradesh,U,Sapaks Party,36569626,51867474,0,28618,0.08
Madhya Pradesh,U,Sarvadharam Party (Madhya Pradesh),36569626,51867474,0,418,
Madhya Pradesh,U,Sarvodaya Bharat Party,36569626,51867474,0,10554,0.03
Madhya Pradesh,U,Shri Janta Party,36569626,51867474,0,1672,
Madhya Pradesh,U,Smart Indians Party,36569626,51867474,0,11877,0.03
Madhya Pradesh,U,Socialist Party (India),36569626,51867474,0,528,
Madhya Pradesh,U,SOCIALIST UNITY CENTRE OF INDIA (COMMUNIST),36569626,51867474,0,3540,0.01
Madhya Pradesh,U,Swarnim Bharat Inquilab,36569626,51867474,0,527,
Madhya Pradesh,U,Swatantra Jantaraj Party,36569626,51867474,0,968,
Madhya Pradesh,U,Vishva SHakti Party,36569626,51867474,0,4294,0.01
Madhya Pradesh,Z,Independent,36569626,51867474,0,699148,1.91
Madhya Pradesh,Z1,None of the Above,36569626,51867474,0,340984,0.93
Maharashtra,N,Bahujan Samaj Party,53565479,88676946,0,462539,0.86
Maharashtra,N,Bharatiya Janata Party,53565479,88676946,23,14912139,27.84
Maharashtra,N,Communist Party of India,53565479,88676946,0,37395,0.07
Maharashtra,N,Communist Party of India  (Marxist),53565479,88676946,0,109570,0.2
Maharashtra,N,Indian National Congress,53565479,88676946,1,8792237,16.41
Maharashtra,N,Nationalist Congress Party,53565479,88676946,4,8387363,15.66
Maharashtra,S,All India Majlis-E-Ittehadul Muslimeen,53565479,88676946,1,389042,0.73
Maharashtra,S,Indian Union Muslim League,53565479,88676946,0,8440,0.02
Maharashtra,S,Samajwadi Party,53565479,88676946,0,12306,0.02
Maharashtra,S,Shivsena,53565479,88676946,18,12589064,23.5
Maharashtra,U,Aapki Apni Party (Peoples),53565479,88676946,0,1890,
Maharashtra,U,Aasra Lokmanch Party,53565479,88676946,0,4856,0.01
Maharashtra,U,Akhand Hind Party,53565479,88676946,0,3907,0.01
Maharashtra,U,Akhil Bharatiya Jan Sangh,53565479,88676946,0,850,
Maharashtra,U,Akhil Bharatiya Manavata Paksha,53565479,88676946,0,480,
Maharashtra,U,Akhil Bharatiya Sena,53565479,88676946,0,1567,
Maharashtra,U,Akhil Bhartiya Ekata Party,53565479,88676946,0,1006,
Maharashtra,U,Akhil Bhartiya Sarvadharma Samaj Party,53565479,88676946,0,735,
Maharashtra,U,All India Minorities Front,53565479,88676946,0,722,
Maharashtra,U,Ambedkar National Congress,53565479,88676946,0,7384,0.01
Maharashtra,U,Ambedkarist Republican Party,53565479,88676946,0,4399,0.01
Maharashtra,U,Ambedkarite Party of India,53565479,88676946,0,51693,0.1
Maharashtra,U,Anti Corruption Dynamic Party,53565479,88676946,0,589,
Maharashtra,U,Bahujan Azad Party,53565479,88676946,0,6607,0.01
Maharashtra,U,Bahujan Maha Party,53565479,88676946,0,33428,0.06
Maharashtra,U,Bahujan Mukti Party,53565479,88676946,0,76579,0.14
Maharashtra,U,Bahujan Republican  Socialist Party,53565479,88676946,0,52574,0.1
Maharashtra,U,Bahujan Vikas Aaghadi,53565479,88676946,0,491596,0.92
Maharashtra,U,Baliraja Party,53565479,88676946,0,11383,0.02
Maharashtra,U,Bhapase Party,53565479,88676946,0,1434,
Maharashtra,U,Bharat Jan Aadhar Party,53565479,88676946,0,3919,0.01
Maharashtra,U,Bharat Prabhat Party,53565479,88676946,0,5822,0.01
Maharashtra,U,Bharatiya Minorities Suraksha Mahasangh,53565479,88676946,0,620,
Maharashtra,U,Bharatiya Praja Surajya Paksha,53565479,88676946,0,14757,0.03
Maharashtra,U,Bhartiya Kisan Party,53565479,88676946,0,6136,0.01
Maharashtra,U,Bhartiya Lokmat Rashtrwadi Party,53565479,88676946,0,1234,
Maharashtra,U,Bhartiya Manavadhikaar Federal Party,53565479,88676946,0,4576,0.01
Maharashtra,U,Bhartiya Navjawan Sena (Paksha),53565479,88676946,0,4917,0.01
Maharashtra,U,Bhartiya Shakti Chetna Party,53565479,88676946,0,905,
Maharashtra,U,Bhartiya Tribal Party,53565479,88676946,0,22673,0.04
Maharashtra,U,BhartiyaBahujanKranti Dal,53565479,88676946,0,4525,0.01
Maharashtra,U,Chhattisgarh Swabhiman Manch,53565479,88676946,0,1169,
Maharashtra,U,Communist Party of India (Marxist-Leninist) Red Star,53565479,88676946,0,1702,
Maharashtra,U,Dalit Soshit Pichhara Varg  Adhikar Dal,53565479,88676946,0,1238,
Maharashtra,U,Desh Janhit Party,53565479,88676946,0,273,
Maharashtra,U,Desiya Makkal Sakthi Katchi,53565479,88676946,0,2199,
Maharashtra,U,Gondvana Gantantra Party,53565479,88676946,0,5778,0.01
Maharashtra,U,Hamari Apni Party,53565479,88676946,0,847,
Maharashtra,U,Hindustan Janta Party,53565479,88676946,0,5597,0.01
Maharashtra,U,Hindusthan Nirman Dal,53565479,88676946,0,2096,
Maharashtra,U,Hindusthan Praja Paksha,53565479,88676946,0,3750,0.01
Maharashtra,U,Hum Bhartiya Party,53565479,88676946,0,7082,0.01
Maharashtra,U,Jai Maha Bharath Party,53565479,88676946,0,1347,
Maharashtra,U,Jan Adhikar Party,53565479,88676946,0,7054,0.01
Maharashtra,U,Janata Congress,53565479,88676946,0,1158,
Maharashtra,U,Kranti Kari Jai Hind Sena,53565479,88676946,0,9493,0.02
Maharashtra,U,Lokjagar Party,53565479,88676946,0,1135,
Maharashtra,U,Loksangram,53565479,88676946,0,8418,0.02
Maharashtra,U,Maharashtra Kranti Sena,53565479,88676946,0,2761,0.01
Maharashtra,U,"Maharashtra Swabhimaan Paksh,",53565479,88676946,0,281578,0.53
Maharashtra,U,Marxist Leninist Party of India (Red Flag),53565479,88676946,0,12407,0.02
Maharashtra,U,Minorities Democratic Party,53565479,88676946,0,673,
Maharashtra,U,Naitik Party,53565479,88676946,0,1654,
Maharashtra,U,Navbharat Nirman Party,53565479,88676946,0,4590,0.01
Maharashtra,U,Peace Party,53565479,88676946,0,2712,0.01
Maharashtra,U,Peoples Party of India (Democratic),53565479,88676946,0,8640,0.02
Maharashtra,U,People’s Union Party,53565479,88676946,0,547,
Maharashtra,U,Prabuddha Republican Party,53565479,88676946,0,10446,0.02
Maharashtra,U,Pragatishil Samajwadi Party (Lohia),53565479,88676946,0,1812,
Maharashtra,U,Prahar Janshakti Party,53565479,88676946,0,20620,0.04
Maharashtra,U,"Proutist Bloc, India",53565479,88676946,0,1589,
Maharashtra,U,Rashtravadi Kranti Dal,53565479,88676946,0,475,
Maharashtra,U,Rashtriya Bahujan Congress Party,53565479,88676946,0,1574,
Maharashtra,U,Rashtriya Jansambhavna Party,53565479,88676946,0,10835,0.02
Maharashtra,U,Rashtriya Jansena Party,53565479,88676946,0,699,
Maharashtra,U,Rashtriya Janshakti Party (Secular),53565479,88676946,0,1934,
Maharashtra,U,Rashtriya Jansurajya Party,53565479,88676946,0,3433,0.01
Maharashtra,U,Rashtriya Maratha Party,53565479,88676946,0,8997,0.02
Maharashtra,U,Rashtriya Samajwadi Party  (Secular),53565479,88676946,0,670,
Maharashtra,U,Rashtriya Ulama Council,53565479,88676946,0,1632,
Maharashtra,U,Rastriya Aam Jan Seva Party,53565479,88676946,0,1425,
Maharashtra,U,Republican Bahujan Sena,53565479,88676946,0,1820,
Maharashtra,U,Right to Recall Party,53565479,88676946,0,1492,
Maharashtra,U,Samajwadi Forward Bloc,53565479,88676946,0,2134,
Maharashtra,U,Sanatan Sanskriti Raksha Dal,53565479,88676946,0,3184,0.01
Maharashtra,U,Sangharsh Sena,53565479,88676946,0,1987,
Maharashtra,U,Sanman Rajkiya Paksha,53565479,88676946,0,1961,
Maharashtra,U,Sardar Vallabhbhai Patel Party,53565479,88676946,0,998,
Maharashtra,U,Sarvodaya Bharat Party,53565479,88676946,0,1290,
Maharashtra,U,SOCIALIST UNITY CENTRE OF INDIA (COMMUNIST),53565479,88676946,0,1083,
Maharashtra,U,Swabhimani Paksha,53565479,88676946,0,834380,1.56
Maharashtra,U,Swarna Bharat Party,53565479,88676946,0,446,
Maharashtra,U,Swatantra Bharat Paksha,53565479,88676946,0,12430,0.02
Maharashtra,U,Vanchit Bahujan Aaghadi,53565479,88676946,0,3743560,6.99
Maharashtra,Z,Independent,53565479,88676946,1,1992817,3.72
Maharashtra,Z1,None of the Above,53565479,88676946,0,488766,0.91
Manipur,N,Bharatiya Janata Party,1611941,1959563,1,553377,34.33
Manipur,N,Communist Party of India,1611941,1959563,0,133813,8.3
Manipur,N,Indian National Congress,1611941,1959563,0,398387,24.71
Manipur,N,Nationalist Congress Party,1611941,1959563,0,2552,0.16
Manipur,S,Janata Dal  (United),1611941,1959563,0,2987,0.19
Manipur,S,Naga Peoples Front,1611941,1959563,1,363527,22.55
Manipur,S,National People's Party,1611941,1959563,0,30726,1.91
Manipur,U,Manipur Democratic Peoples's Front,1611941,1959563,0,1256,0.08
Manipur,U,Manipur People’s Party,1611941,1959563,0,1783,0.11
Manipur,U,North East India Development Party,1611941,1959563,0,37221,2.31
Manipur,U,Rashtriya Janhit Sangharsh Party,1611941,1959563,0,747,0.05
Manipur,Z,Independent,1611941,1959563,0,85565,5.31
Manipur,Z1,None of the Above,1611941,1959563,0,5389,0.33
Meghalaya,N,Bharatiya Janata Party,1356357,1914796,0,108390,7.99
Meghalaya,N,Indian National Congress,1356357,1914796,1,660114,48.67
Meghalaya,S,National People's Party,1356357,1914796,1,304455,22.45
Meghalaya,S,United Democratic Party,1356357,1914796,0,267256,19.7
Meghalaya,Z,Independent,1356357,1914796,0,16142,1.19
Meghalaya,Z1,None of the Above,1356357,1914796,0,10874,0.8
Mizoram,N,Bharatiya Janata Party,497112,792464,0,28707,5.77
Mizoram,S,Mizo National Front,497112,792464,1,224286,45.12
Mizoram,U,Peoples Representation for Identity and Status of Mizoram (PRISM) Party,497112,792464,0,13323,2.68
Mizoram,Z,Independent,497112,792464,0,230796,46.43
Mizoram,Z1,None of the Above,497112,792464,0,2509,0.5
Nagaland,N,Indian National Congress,1004293,1213777,0,484166,48.21
Nagaland,S,National People's Party,1004293,1213777,0,14997,1.49
Nagaland,S,Nationalist Democratic Progressive Party,1004293,1213777,1,500510,49.84
Nagaland,Z,Independent,1004293,1213777,0,4620,0.46
Nagaland,Z1,None of the Above,1004293,1213777,0,2064,0.21
Odisha,N,All India Trinamool Congress,23483298,32497762,0,9576,0.04
Odisha,N,Bahujan Samaj Party,23483298,32497762,0,181496,0.77
Odisha,N,Bharatiya Janata Party,23483298,32497762,8,9130768,38.88
Odisha,N,Communist Party of India,23483298,32497762,0,59978,0.26
Odisha,N,Communist Party of India  (Marxist),23483298,32497762,0,23026,0.1
Odisha,N,Indian National Congress,23483298,32497762,1,3285339,13.99
Odisha,S,Aam Aadmi Party,23483298,32497762,0,6614,0.03
Odisha,S,All India Forward Bloc,23483298,32497762,0,11853,0.05
Odisha,S,Biju Janata Dal,23483298,32497762,12,10174021,43.32
Odisha,S,Jharkhand Mukti Morcha,23483298,32497762,0,135552,0.58
Odisha,S,Samajwadi Party,23483298,32497762,0,5148,0.02
Odisha,U,Akhil Bharat Hindu Mahasabha,23483298,32497762,0,16549,0.07
Odisha,U,Ambedkar National Congress,23483298,32497762,0,6553,0.03
Odisha,U,Ambedkarite Party of India,23483298,32497762,0,58251,0.25
Odisha,U,Bahujan Mukti Party,23483298,32497762,0,38217,0.16
Odisha,U,Bharat Prabhat Party,23483298,32497762,0,3467,0.01
Odisha,U,Bhartiya Manavadhikaar Federal Party,23483298,32497762,0,2914,0.01
Odisha,U,Communist Party of India  (Marxist-Leninist)  (Liberation),23483298,32497762,0,28768,0.12
Odisha,U,Communist Party of India (Marxist-Leninist) Red Star,23483298,32497762,0,33903,0.14
Odisha,U,Freethought Party of India,23483298,32497762,0,6884,0.03
Odisha,U,Gondvana Gantantra Party,23483298,32497762,0,2699,0.01
Odisha,U,Hindusthan Nirman Dal,23483298,32497762,0,10973,0.05
Odisha,U,Jai Prakash Janata Dal,23483298,32497762,0,3222,0.01
Odisha,U,Kalinga Sena,23483298,32497762,0,6785,0.03
Odisha,U,Krupaa Party,23483298,32497762,0,8510,0.04
Odisha,U,Odisha Pragati Dal,23483298,32497762,0,8304,0.04
Odisha,U,Pragatishil Samajwadi Party (Lohia),23483298,32497762,0,4616,0.02
Odisha,U,"Proutist Bloc, India",23483298,32497762,0,4470,0.02
Odisha,U,Purvanchal Janta Party (Secular),23483298,32497762,0,1241,0.01
Odisha,U,Rashtriya Indepndent Morcha,23483298,32497762,0,10914,0.05
Odisha,U,Samata Kranti Dal,23483298,32497762,0,3877,0.02
Odisha,U,SOCIALIST UNITY CENTRE OF INDIA (COMMUNIST),23483298,32497762,0,38474,0.16
Odisha,Z,Independent,23483298,32497762,0,160336,0.68
Odisha,Z1,None of the Above,23483298,32497762,0,310824,1.32
Punjab,N,Bahujan Samaj Party,13611009,20892673,0,479788,3.52
Punjab,N,Bharatiya Janata Party,13611009,20892673,2,1325445,9.74
Punjab,N,Communist Party of India,13611009,20892673,0,42463,0.31
Punjab,N,Communist Party of India  (Marxist),13611009,20892673,0,10665,0.08
Punjab,N,Indian National Congress,13611009,20892673,8,5523066,40.58
Punjab,N,Nationalist Congress Party,13611009,20892673,0,5689,0.04
Punjab,S,Aam Aadmi Party,13611009,20892673,1,1015773,7.46
Punjab,S,Janata Dal  (United),13611009,20892673,0,2726,0.02
Punjab,S,Revolutionary Socialist Party,13611009,20892673,0,1733,0.01
Punjab,S,Shiromani Akali Dal,13611009,20892673,2,3778574,27.76
Punjab,S,Shivsena,13611009,20892673,0,13284,0.1
Punjab,U,Akhil Bhartiya Apna Dal,13611009,20892673,0,1072,0.01
Punjab,U,Ambedkar National Congress,13611009,20892673,0,2400,0.02
Punjab,U,Ambedkarite Party of India,13611009,20892673,0,7561,0.06
Punjab,U,Apna Samaj Party,13611009,20892673,0,3678,0.03
Punjab,U,Bahujan Mukti Party,13611009,20892673,0,5596,0.04
Punjab,U,Bahujan Samaj Party  (Ambedkar),13611009,20892673,0,6490,0.05
Punjab,U,Bharat Prabhat Party,13611009,20892673,0,4951,0.04
Punjab,U,Bhartiya Janraj Party,13611009,20892673,0,5001,0.04
Punjab,U,Bhartiya Lok Seva Dal,13611009,20892673,0,20335,0.15
Punjab,U,Bhartiya Shakti Chetna Party,13611009,20892673,0,2304,0.02
Punjab,U,Communist Party of India  (Marxist-Leninist)  (Liberation),13611009,20892673,0,10616,0.08
Punjab,U,Democratic Party of India,13611009,20892673,0,499,
Punjab,U,Democratic Party of India (Ambedkar),13611009,20892673,0,4913,0.04
Punjab,U,Hind Congress Party,13611009,20892673,0,902,0.01
Punjab,U,Hindu Samaj Party,13611009,20892673,0,1014,0.01
Punjab,U,Hindustan Shakti Sena,13611009,20892673,0,21406,0.16
Punjab,U,Hum Bhartiya Party,13611009,20892673,0,1430,0.01
Punjab,U,Indian Democratic Republican Front,13611009,20892673,0,6106,0.04
Punjab,U,Jai Jawan Jai Kisan Party,13611009,20892673,0,3566,0.03
Punjab,U,Janral Samaj Party,13611009,20892673,0,10838,0.08
Punjab,U,Lok Insaaf Party,13611009,20892673,0,469784,3.45
Punjab,U,Nationalist Justice Party,13611009,20892673,0,6531,0.05
Punjab,U,Nawan Punjab Party,13611009,20892673,0,161645,1.19
Punjab,U,People's Party of India(secular),13611009,20892673,0,1597,0.01
Punjab,U,Peoples Party of India (Democratic),13611009,20892673,0,5178,0.04
Punjab,U,Punjab Ekta Party,13611009,20892673,0,296620,2.18
Punjab,U,Punjab Labour Party,13611009,20892673,0,692,0.01
Punjab,U,Pyramid Party of India,13611009,20892673,0,2824,0.02
Punjab,U,Rashtriya Janshakti Party (Secular),13611009,20892673,0,6415,0.05
Punjab,U,Rashtriya Lokswaraj Party,13611009,20892673,0,3296,0.02
Punjab,U,Rashtriya Sahara Party,13611009,20892673,0,3160,0.02
Punjab,U,Republican Party of India (A),13611009,20892673,0,2009,0.01
Punjab,U,Republican Party of India (Reformist),13611009,20892673,0,952,0.01
Punjab,U,Revolutionary Marxist Party of India,13611009,20892673,0,15274,0.11
Punjab,U,Samaj Adhikar Kalyan Party,13611009,20892673,0,6078,0.04
Punjab,U,Samaj Bhalai Morcha,13611009,20892673,0,2917,0.02
Punjab,U,Sarvjan Sewa Party,13611009,20892673,0,942,0.01
Punjab,U,Shiromani Akali Dal (Amritsar)(Simranjit Singh Mann),13611009,20892673,0,52185,0.38
Punjab,U,Shiromani Akali Dal (Taksali),13611009,20892673,0,10424,0.08
Punjab,U,Shiromani Lok Dal Party,13611009,20892673,0,984,0.01
Punjab,U,Socialist Party (India),13611009,20892673,0,1406,0.01
Punjab,U,SOCIALIST UNITY CENTRE OF INDIA (COMMUNIST),13611009,20892673,0,5106,0.04
Punjab,Z,Independent,13611009,20892673,0,235106,1.73
Punjab,Z1,None of the Above,13611009,20892673,0,154423,1.13
Rajasthan,N,Bahujan Samaj Party,32113505,48955813,0,348678,1.09
Rajasthan,N,Bharatiya Janata Party,32113505,48955813,24,18968392,59.07
Rajasthan,N,Communist Party of India,32113505,48955813,0,46619,0.15
Rajasthan,N,Communist Party of India  (Marxist),32113505,48955813,0,65549,0.2
Rajasthan,N,Indian National Congress,32113505,48955813,0,11107910,34.59
Rajasthan,S,Shivsena,32113505,48955813,0,16561,0.05
Rajasthan,U,AARAKSHAN VIRODHI PARTY,32113505,48955813,0,891,
Rajasthan,U,Ambedkarite Party of India,32113505,48955813,0,88372,0.28
Rajasthan,U,Bahujan Mukti Party,32113505,48955813,0,28476,0.09
Rajasthan,U,Bharat Rakshak Party (Democratic),32113505,48955813,0,2880,0.01
Rajasthan,U,Bhartiya Jan Satta Party,32113505,48955813,0,12416,0.04
Rajasthan,U,Bhartiya Kisan Party,32113505,48955813,0,1154,
Rajasthan,U,Bhartiya Tribal Party,32113505,48955813,0,315258,0.98
Rajasthan,U,Communist Party of India (Marxist-Leninist) Red Star,32113505,48955813,0,13099,0.04
Rajasthan,U,Dalit Soshit Pichhara Varg  Adhikar Dal,32113505,48955813,0,1862,0.01
Rajasthan,U,Hindusthan Nirman Dal,32113505,48955813,0,1745,0.01
Rajasthan,U,Indian Indira Congress (R),32113505,48955813,0,2569,0.01
Rajasthan,U,Indian Peoples Green Party,32113505,48955813,0,9538,0.03
Rajasthan,U,Jan Sangharsh Virat Party,32113505,48955813,0,1774,0.01
Rajasthan,U,Marxist Communist Party of India (United),32113505,48955813,0,1161,
Rajasthan,U,Nationalist People's Front,32113505,48955813,0,5798,0.02
Rajasthan,U,Peoples Party of India (Democratic),32113505,48955813,0,2751,0.01
Rajasthan,U,Poorvanchal Rashtriya Congress,32113505,48955813,0,626,
Rajasthan,U,Prabuddha Republican Party,32113505,48955813,0,2783,0.01
Rajasthan,U,Pragatishil Samajwadi Party (Lohia),32113505,48955813,0,3444,0.01
Rajasthan,U,Proutist Sarva Samaj,32113505,48955813,0,2880,0.01
Rajasthan,U,Rashtriya Jansambhavna Party,32113505,48955813,0,506,
Rajasthan,U,Rashtriya Kranti Party,32113505,48955813,0,1892,0.01
Rajasthan,U,Rashtriya Krantikari Samajwadi Party,32113505,48955813,0,1488,
Rajasthan,U,Rashtriya Loktantrik Party,32113505,48955813,1,660051,2.06
Rajasthan,U,Rashtriya Mangalam Party,32113505,48955813,0,798,
Rajasthan,U,Rashtriya Power Party,32113505,48955813,0,7486,0.02
Rajasthan,U,Rashtriya Rashtrawadi Party,32113505,48955813,0,12284,0.04
Rajasthan,U,Rashtriya Samta Vikas Party,32113505,48955813,0,349,
Rajasthan,U,Right to Recall Party,32113505,48955813,0,16744,0.05
Rajasthan,U,Satya Bahumat Party,32113505,48955813,0,8006,0.02
Rajasthan,U,SOCIALIST UNITY CENTRE OF INDIA (COMMUNIST),32113505,48955813,0,2623,0.01
Rajasthan,U,Swarna Bharat Party,32113505,48955813,0,508,
Rajasthan,Z,Independent,32113505,48955813,0,347584,1.08
Rajasthan,Z1,None of the Above,32113505,48955813,0,327559,1.02
Sikkim,N,Bharatiya Janata Party,349467,434128,0,16572,4.74
Sikkim,N,Indian National Congress,349467,434128,0,3990,1.14
Sikkim,S,Sikkim Democratic Front,349467,434128,0,154489,44.21
Sikkim,S,Sikkim Krantikari Morcha,349467,434128,1,166922,47.76
Sikkim,U,All Indians Party,349467,434128,0,396,0.11
Sikkim,U,Hamro Sikkim Party,349467,434128,0,1998,0.57
Sikkim,U,Jai Maha Bharath Party,349467,434128,0,383,0.11
Sikkim,U,Sikkim Republican Party,349467,434128,0,1503,0.43
Sikkim,U,Sikkim United Front,349467,434128,0,614,0.18
Sikkim,Z,Independent,349467,434128,0,2600,0.74
Sikkim,Z1,None of the Above,349467,434128,0,2279,0.65
Tamil Nadu,N,Bahujan Samaj Party,41825669,58503189,0,161572,0.39
Tamil Nadu,N,Bharatiya Janata Party,41825669,58503189,0,1551924,3.71
Tamil Nadu,N,Communist Party of India,41825669,58503189,2,1031617,2.47
Tamil Nadu,N,Communist Party of India  (Marxist),41825669,58503189,2,1018225,2.43
Tamil Nadu,N,Indian National Congress,41825669,58503189,8,5405674,12.92
Tamil Nadu,S,All India Anna Dravida Munnetra Kazhagam,41825669,58503189,1,7830146,18.72
Tamil Nadu,S,Desiya Murpokku Dravida Kazhagam,41825669,58503189,0,929590,2.22
Tamil Nadu,S,Dravida Munnetra Kazhagam,41825669,58503189,23,13877992,33.18
Tamil Nadu,S,Indian Union Muslim League,41825669,58503189,1,469943,1.12
Tamil Nadu,S,Jammu & Kashmir National Panthers Party,41825669,58503189,0,1251,
Tamil Nadu,S,Pattali Makkal Katchi,41825669,58503189,0,2297431,5.49
Tamil Nadu,U,Agila India Makkal Kazhagam,41825669,58503189,0,4274,0.01
Tamil Nadu,U,Ahila India Dhayaga Makkal Munnetra Katchi,41825669,58503189,0,1765,
Tamil Nadu,U,Ahimsa Socialist Party,41825669,58503189,0,972,
Tamil Nadu,U,Akila India Vallalar Peravai,41825669,58503189,0,643,
Tamil Nadu,U,All  India Puratchi Thalaivar Makkal Munnettra Kazhagam,41825669,58503189,0,2764,0.01
Tamil Nadu,U,All India Uzhavargal Uzhaippalargal Katchi,41825669,58503189,0,1999,
Tamil Nadu,U,All Pensioner’s Party,41825669,58503189,0,892,
Tamil Nadu,U,Ambedkarite Party of India,41825669,58503189,0,4498,0.01
Tamil Nadu,U,Anaithu Makkal Katchi,41825669,58503189,0,645,
Tamil Nadu,U,Anaithu Makkal Puratchi Katchi,41825669,58503189,0,5089,0.01
Tamil Nadu,U,Anti Corruption Dynamic Party,41825669,58503189,0,35277,0.08
Tamil Nadu,U,Christian Democratic Front,41825669,58503189,0,494,
Tamil Nadu,U,Communist Party of India  (Marxist-Leninist)  (Liberation),41825669,58503189,0,5303,0.01
Tamil Nadu,U,Communist Party of India (Marxist-Leninist) Red Star,41825669,58503189,0,778,
Tamil Nadu,U,Democratic Corruption Liberation Front,41825669,58503189,0,596,
Tamil Nadu,U,Desiya Makkal Sakthi Katchi,41825669,58503189,0,12101,0.03
Tamil Nadu,U,Desiya Uzhavar Uzhaipalar Kazhagam,41825669,58503189,0,3337,0.01
Tamil Nadu,U,Ezhuchi Tamilargal Munnetra Kazhagam,41825669,58503189,0,5482,0.01
Tamil Nadu,U,Ganasangam Party of India,41825669,58503189,0,11631,0.03
Tamil Nadu,U,Ilantamilar Munnani Kazhagam,41825669,58503189,0,748,
Tamil Nadu,U,Indian Christian Front,41825669,58503189,0,1815,
Tamil Nadu,U,Indian New Congress Party,41825669,58503189,0,860,
Tamil Nadu,U,Makkal Needhi Maiam,41825669,58503189,0,1575640,3.77
Tamil Nadu,U,"Makkal Sananayaga Kudiyarasu Katchi,",41825669,58503189,0,2906,0.01
Tamil Nadu,U,Makkalatchi Katchi,41825669,58503189,0,1115,
Tamil Nadu,U,Naam Indiar Party,41825669,58503189,0,2597,0.01
Tamil Nadu,U,Naam Tamilar Katchi,41825669,58503189,0,1645222,3.93
Tamil Nadu,U,People's Party of India(secular),41825669,58503189,0,3317,0.01
Tamil Nadu,U,Pragatishil Samajwadi Party (Lohia),41825669,58503189,0,4799,0.01
Tamil Nadu,U,Purvanchal Janta Party (Secular),41825669,58503189,0,3521,0.01
Tamil Nadu,U,Pyramid Party of India,41825669,58503189,0,1890,
Tamil Nadu,U,Republican Party of India,41825669,58503189,0,670,
Tamil Nadu,U,Republican Party of India (A),41825669,58503189,0,5158,0.01
Tamil Nadu,U,Samajwadi Forward Bloc,41825669,58503189,0,4044,0.01
Tamil Nadu,U,SOCIAL DEMOCRATIC PARTY OF INDIA,41825669,58503189,0,23741,0.06
Tamil Nadu,U,SOCIALIST UNITY CENTRE OF INDIA (COMMUNIST),41825669,58503189,0,5765,0.01
Tamil Nadu,U,Tamil Maanila Congress  (Moopanar),41825669,58503189,0,220849,0.53
Tamil Nadu,U,Tamil Nadu Ilangyar Katchi,41825669,58503189,0,34233,0.08
Tamil Nadu,U,Tamil Telugu National Party,41825669,58503189,0,2516,0.01
Tamil Nadu,U,Tamizhaga Murpokku Makkal Katchi,41825669,58503189,0,3599,0.01
Tamil Nadu,U,The Future India Party,41825669,58503189,0,820,
Tamil Nadu,U,Ulzaipali Makkal Katchy,41825669,58503189,0,9007,0.02
Tamil Nadu,U,United States of India Party,41825669,58503189,0,1244,
Tamil Nadu,U,Universal Brotherhood Movement,41825669,58503189,0,689,
Tamil Nadu,U,Viduthalai Chiruthaigal Katchi,41825669,58503189,1,500229,1.2
Tamil Nadu,U,Vivasayigal Makkal Munnetra Katchi,41825669,58503189,0,1108,
Tamil Nadu,Z,Independent,41825669,58503189,0,3093662,7.4
Tamil Nadu,Z1,None of the Above,41825669,58503189,0,541160,1.29
Tripura,N,All India Trinamool Congress,2129998,2614718,0,8613,0.4
Tripura,N,Bharatiya Janata Party,2129998,2614718,2,1055658,49.56
Tripura,N,Communist Party of India  (Marxist),2129998,2614718,0,372789,17.5
Tripura,N,Indian National Congress,2129998,2614718,0,545679,25.62
Tripura,S,Indigenous People's Front of Tripura,2129998,2614718,0,89529,4.2
Tripura,U,Ambedkarite Party of India,2129998,2614718,0,7133,0.33
Tripura,U,Amra Bangalee,2129998,2614718,0,9708,0.46
Tripura,U,SOCIALIST UNITY CENTRE OF INDIA (COMMUNIST),2129998,2614718,0,4525,0.21
Tripura,U,Tripura Peoples Party,2129998,2614718,0,2076,0.1
Tripura,Z,Independent,2129998,2614718,0,34288,1.61
Tripura,Z1,None of the Above,2129998,2614718,0,23174,1.09
Uttar Pradesh,N,Bahujan Samaj Party,85756301,146134603,10,16659754,19.43
Uttar Pradesh,N,Bharatiya Janata Party,85756301,146134603,62,42858171,49.98
Uttar Pradesh,N,Communist Party of India,85756301,146134603,0,119223,0.14
Uttar Pradesh,N,Indian National Congress,85756301,146134603,1,5457352,6.36
Uttar Pradesh,N,Nationalist Congress Party,85756301,146134603,0,4570,0.01
Uttar Pradesh,S,Aam Aadmi Party,85756301,146134603,0,8643,0.01
Uttar Pradesh,S,All India Forward Bloc,85756301,146134603,0,12070,0.01
Uttar Pradesh,S,Janata Dal  (United),85756301,146134603,0,9335,0.01
Uttar Pradesh,S,Rashtriya Lok Dal,85756301,146134603,0,1447363,1.69
Uttar Pradesh,S,Samajwadi Party,85756301,146134603,5,15533620,18.11
Uttar Pradesh,S,Shivsena,85756301,146134603,0,29136,0.03
Uttar Pradesh,U,Aadarsh Sangram Party,85756301,146134603,0,4283,
Uttar Pradesh,U,Aajad Bharat Party (Democratic),85756301,146134603,0,13009,0.02
Uttar Pradesh,U,Aam Janta Party (India),85756301,146134603,0,16749,0.02
Uttar Pradesh,U,Aapki Apni Party (Peoples),85756301,146134603,0,3763,
Uttar Pradesh,U,Adarsh Samaj Party,85756301,146134603,0,3423,
Uttar Pradesh,U,Adarshwaadi Congress Party,85756301,146134603,0,838,
Uttar Pradesh,U,Adhunik Bharat Party,85756301,146134603,0,1976,
Uttar Pradesh,U,Akhand Rashtrawadi Party,85756301,146134603,0,1057,
Uttar Pradesh,U,Akhand Samaj Party,85756301,146134603,0,7569,0.01
Uttar Pradesh,U,Akhil Bharatiya Jan Sangh,85756301,146134603,0,2104,
Uttar Pradesh,U,Akhil Bhartiya Gondwana Party,85756301,146134603,0,1831,
Uttar Pradesh,U,Akhil Bhartiya Lok Dal,85756301,146134603,0,503,
Uttar Pradesh,U,Akhil Bhartiya Navnirman Party,85756301,146134603,0,2759,
Uttar Pradesh,U,Al-Hind Party,85756301,146134603,0,1764,
Uttar Pradesh,U,All India Minorities Front,85756301,146134603,0,1128,
Uttar Pradesh,U,All India Peoples' Front (Radical),85756301,146134603,0,11032,0.01
Uttar Pradesh,U,All Indian Rajiv Congress Party,85756301,146134603,0,1282,
Uttar Pradesh,U,Ambedkar Samaj Party,85756301,146134603,0,12457,0.01
Uttar Pradesh,U,Ambedkar Yug Party,85756301,146134603,0,921,
Uttar Pradesh,U,Andaman & Nicobar Janta Party,85756301,146134603,0,2017,
Uttar Pradesh,U,Annadata Party,85756301,146134603,0,5147,0.01
Uttar Pradesh,U,Apna Dal (Soneylal),85756301,146134603,2,1039478,1.21
Uttar Pradesh,U,Apna Dal United Party,85756301,146134603,0,8541,0.01
Uttar Pradesh,U,Atulya Bharat Party,85756301,146134603,0,4096,
Uttar Pradesh,U,Awami Samta Party,85756301,146134603,0,5504,0.01
Uttar Pradesh,U,Bahujan Awam Party,85756301,146134603,0,14060,0.02
Uttar Pradesh,U,Bahujan Maha Party,85756301,146134603,0,882,
Uttar Pradesh,U,Bahujan Mukti Party,85756301,146134603,0,35361,0.04
Uttar Pradesh,U,Bahujan Nyay Dal,85756301,146134603,0,681,
Uttar Pradesh,U,Bahujan Samyak Party (Mission),85756301,146134603,0,501,
Uttar Pradesh,U,Baliraja Party,85756301,146134603,0,1262,
Uttar Pradesh,U,Bharat Lok Sewak Party,85756301,146134603,0,2422,
Uttar Pradesh,U,Bharat Prabhat Party,85756301,146134603,0,40624,0.05
Uttar Pradesh,U,Bharatiya Aavaam Ekta Party,85756301,146134603,0,8164,0.01
Uttar Pradesh,U,Bharatiya Bahujan Parivartan  Party,85756301,146134603,0,1268,
Uttar Pradesh,U,Bharatiya Bahujan Samta Party,85756301,146134603,0,2210,
Uttar Pradesh,U,Bharatiya Jan Kranti Dal (Democratic),85756301,146134603,0,907,
Uttar Pradesh,U,Bharatiya Kisan Parivartan Party,85756301,146134603,0,9503,0.01
Uttar Pradesh,U,Bharatiya Majdoor Janta Party,85756301,146134603,0,822,
Uttar Pradesh,U,Bharatiya Rashtravadi Samanta Party,85756301,146134603,0,1695,
Uttar Pradesh,U,Bharatiya Rashtriya Morcha,85756301,146134603,0,316,
Uttar Pradesh,U,Bharatiya Sampuran Krantikari Party,85756301,146134603,0,1948,
Uttar Pradesh,U,Bharatiya Samta Samaj Party,85756301,146134603,0,3755,
Uttar Pradesh,U,Bharatiya Sarvodaya Kranti Party,85756301,146134603,0,829,
Uttar Pradesh,U,Bharatrashtra Democratic Party,85756301,146134603,0,472,
Uttar Pradesh,U,Bhartiya Anarakshit Party,85756301,146134603,0,2363,
Uttar Pradesh,U,Bhartiya Bhaichara Party,85756301,146134603,0,1995,
Uttar Pradesh,U,Bhartiya Harit Party,85756301,146134603,0,1886,
Uttar Pradesh,U,Bhartiya Hind Fauj,85756301,146134603,0,6508,0.01
Uttar Pradesh,U,Bhartiya Jan Nayak Party,85756301,146134603,0,6735,0.01
Uttar Pradesh,U,Bhartiya Janta Dal,85756301,146134603,0,489,
Uttar Pradesh,U,Bhartiya Kisan Party,85756301,146134603,0,3906,
Uttar Pradesh,U,Bhartiya Kisan Union Samaj Party,85756301,146134603,0,1786,
Uttar Pradesh,U,Bhartiya Krishak Dal,85756301,146134603,0,4696,0.01
Uttar Pradesh,U,Bhartiya Lok Seva Dal,85756301,146134603,0,1261,
Uttar Pradesh,U,Bhartiya Lokmat Rashtrwadi Party,85756301,146134603,0,18338,0.02
Uttar Pradesh,U,Bhartiya Manav Samaj Party,85756301,146134603,0,2597,
Uttar Pradesh,U,Bhartiya Naujawan Inklav Party,85756301,146134603,0,932,
Uttar Pradesh,U,Bhartiya Navodaya Party,85756301,146134603,0,619,
Uttar Pradesh,U,Bhartiya Nojawan Dal,85756301,146134603,0,1047,
Uttar Pradesh,U,Bhartiya Republican Party (Insan),85756301,146134603,0,14142,0.02
Uttar Pradesh,U,Bhartiya Shakti Chetna Party,85756301,146134603,0,20203,0.02
Uttar Pradesh,U,Bhartiya Vanchitsamaj Party,85756301,146134603,0,984,
Uttar Pradesh,U,Bundelkhand Kranti Dal,85756301,146134603,0,1849,
Uttar Pradesh,U,Communist Party of India  (Marxist-Leninist)  (Liberation),85756301,146134603,0,22291,0.03
Uttar Pradesh,U,Communist Party of India (Marxist-Leninist) Red Star,85756301,146134603,0,2394,
Uttar Pradesh,U,Dr. Bhimrao Ambedkar Dal,85756301,146134603,0,1549,
Uttar Pradesh,U,Fauji Janta Party,85756301,146134603,0,564,
Uttar Pradesh,U,Gondvana Gantantra Party,85756301,146134603,0,4002,
Uttar Pradesh,U,Hindusthan Nirman Dal,85756301,146134603,0,27747,0.03
Uttar Pradesh,U,Hum Sabki Party,85756301,146134603,0,1432,
Uttar Pradesh,U,Indian Gandhiyan Party,85756301,146134603,0,504,
Uttar Pradesh,U,Indian National League,85756301,146134603,0,3644,
Uttar Pradesh,U,Inqalab Vikas Dal,85756301,146134603,0,718,
Uttar Pradesh,U,Jai Hind Samaj Party,85756301,146134603,0,1431,
Uttar Pradesh,U,Jan Adesh Akshuni Sena,85756301,146134603,0,1812,
Uttar Pradesh,U,Jan Adhikar Party,85756301,146134603,0,35039,0.04
Uttar Pradesh,U,Jan Samman party,85756301,146134603,0,840,
Uttar Pradesh,U,Jan Seva Sahayak Party,85756301,146134603,0,3731,
Uttar Pradesh,U,Jan Shakti Dal,85756301,146134603,0,5758,0.01
Uttar Pradesh,U,Jan Shakti Ekta Party,85756301,146134603,0,1557,
Uttar Pradesh,U,Janata Congress,85756301,146134603,0,1566,
Uttar Pradesh,U,Janhit Bharat Party,85756301,146134603,0,7192,0.01
Uttar Pradesh,U,Janhit Kisan Party,85756301,146134603,0,24638,0.03
Uttar Pradesh,U,Jansatta Dal Loktantrik,85756301,146134603,0,203369,0.24
Uttar Pradesh,U,Jansatta Party,85756301,146134603,0,2484,
Uttar Pradesh,U,Janta Kranti Party (Rashtravadi),85756301,146134603,0,4873,0.01
Uttar Pradesh,U,Janta Raj Party,85756301,146134603,0,2308,
Uttar Pradesh,U,Janvadi Party(Socialist),85756301,146134603,0,847,
Uttar Pradesh,U,Jwala Dal,85756301,146134603,0,1572,
Uttar Pradesh,U,Kalyankari Jantantrik Party,85756301,146134603,0,1336,
Uttar Pradesh,U,Kanshiram Bahujan Dal,85756301,146134603,0,6886,0.01
Uttar Pradesh,U,Kartavya Rashtriya Party,85756301,146134603,0,512,
Uttar Pradesh,U,Khusro Sena Party,85756301,146134603,0,687,
Uttar Pradesh,U,Kisan Majdoor Berojgar Sangh,85756301,146134603,0,1574,
Uttar Pradesh,U,Kisan Mazdoor Sangharsh Party,85756301,146134603,0,6120,0.01
Uttar Pradesh,U,"Kisan Raksha Party,",85756301,146134603,0,3303,
Uttar Pradesh,U,Lok Dal,85756301,146134603,0,18218,0.02
Uttar Pradesh,U,Lok Gathbandhan Party,85756301,146134603,0,18049,0.02
Uttar Pradesh,U,Lok Jan Sangharsh Party,85756301,146134603,0,968,
Uttar Pradesh,U,Loktantrik Janshakti Party,85756301,146134603,0,2725,
Uttar Pradesh,U,Mahamukti Dal,85756301,146134603,0,2477,
Uttar Pradesh,U,Mahasankalp Janta Party,85756301,146134603,0,2427,
Uttar Pradesh,U,Majdoor Kisan Union Party,85756301,146134603,0,687,
Uttar Pradesh,U,Manav Kranti Party,85756301,146134603,0,1344,
Uttar Pradesh,U,Manavtawadi Samaj Party,85756301,146134603,0,4498,0.01
Uttar Pradesh,U,Manuvadi Party,85756301,146134603,0,3962,
Uttar Pradesh,U,Mazdoor Dalit Kisaan Mahila Gareeb Party (Hindustani),85756301,146134603,0,1669,
Uttar Pradesh,U,Mera Adhikaar Rashtriya Dal,85756301,146134603,0,973,
Uttar Pradesh,U,Minorities Democratic Party,85756301,146134603,0,1070,
Uttar Pradesh,U,Moulik Adhikar Party,85756301,146134603,0,44703,0.05
Uttar Pradesh,U,Nagrik Ekta Party,85756301,146134603,0,18037,0.02
Uttar Pradesh,U,Naitik Party,85756301,146134603,0,5640,0.01
Uttar Pradesh,U,National Bhrashtachar Mukt Party,85756301,146134603,0,1453,
Uttar Pradesh,U,National Fifty Fifty Front,85756301,146134603,0,1308,
Uttar Pradesh,U,National Lokmat Party,85756301,146134603,0,1628,
Uttar Pradesh,U,Nationalist Janshakti Party,85756301,146134603,0,4847,0.01
Uttar Pradesh,U,Netaji Subhash Chander Bose Rashtriya Azad Party,85756301,146134603,0,2342,
Uttar Pradesh,U,Parivartan Samaj Party,85756301,146134603,0,3368,
Uttar Pradesh,U,Peace Party,85756301,146134603,0,27286,0.03
Uttar Pradesh,U,Peoples Party of India (Democratic),85756301,146134603,0,13767,0.02
Uttar Pradesh,U,Pichhra Samaj Party,85756301,146134603,0,4073,
Uttar Pradesh,U,Pragatisheel Manav Samaj Party,85756301,146134603,0,8210,0.01
Uttar Pradesh,U,Pragatisheel Samaj Party,85756301,146134603,0,11752,0.01
Uttar Pradesh,U,Pragatishil Samajwadi Party (Lohia),85756301,146134603,0,265580,0.31
Uttar Pradesh,U,Prithviraj Janshakti Party,85756301,146134603,0,5451,0.01
Uttar Pradesh,U,Purvanchal Mahapanchayat,85756301,146134603,0,2369,
Uttar Pradesh,U,Rashtravadi Party (Bharat),85756301,146134603,0,1225,
Uttar Pradesh,U,"Rashtrawadi Party of India,",85756301,146134603,0,4016,
Uttar Pradesh,U,Rashtrawadi Shramjeevi Dal,85756301,146134603,0,1548,
Uttar Pradesh,U,Rashtriya Ambedkar Dal,85756301,146134603,0,1258,
Uttar Pradesh,U,Rashtriya Apna Dal,85756301,146134603,0,1144,
Uttar Pradesh,U,Rashtriya Backward Party,85756301,146134603,0,584,
Uttar Pradesh,U,Rashtriya Bharatiya Jan Jan Party,85756301,146134603,0,2291,
Uttar Pradesh,U,Rashtriya Garib Dal,85756301,146134603,0,975,
Uttar Pradesh,U,Rashtriya Jan Adhikar Party (United),85756301,146134603,0,7561,0.01
Uttar Pradesh,U,Rashtriya Jan Gaurav Party,85756301,146134603,0,5768,0.01
Uttar Pradesh,U,Rashtriya Janmat Party,85756301,146134603,0,2058,
Uttar Pradesh,U,Rashtriya Jansambhavna Party,85756301,146134603,0,3540,
Uttar Pradesh,U,Rashtriya Janta Party,85756301,146134603,0,1264,
Uttar Pradesh,U,Rashtriya Jantantrik Bharat Vikas Party,85756301,146134603,0,1600,
Uttar Pradesh,U,Rashtriya Janutthan Party,85756301,146134603,0,776,
Uttar Pradesh,U,Rashtriya Janwadi Party (Socialist),85756301,146134603,0,1060,
Uttar Pradesh,U,Rashtriya Kranti Party,85756301,146134603,0,5105,0.01
Uttar Pradesh,U,Rashtriya Krantikari Samajwadi Party,85756301,146134603,0,3535,
Uttar Pradesh,U,Rashtriya Lok Sarvadhikar  Party,85756301,146134603,0,3944,
Uttar Pradesh,U,Rashtriya Matadata Party,85756301,146134603,0,1771,
Uttar Pradesh,U,Rashtriya Mazdoor Ekta Party,85756301,146134603,0,2557,
Uttar Pradesh,U,Rashtriya Naujawan Dal,85756301,146134603,0,1630,
Uttar Pradesh,U,Rashtriya Samaj Paksha,85756301,146134603,0,18123,0.02
Uttar Pradesh,U,Rashtriya Samanta Dal,85756301,146134603,0,6918,0.01
Uttar Pradesh,U,Rashtriya Shoshit Samaj Party,85756301,146134603,0,23622,0.03
Uttar Pradesh,U,Rashtriya Ulama Council,85756301,146134603,0,20348,0.02
Uttar Pradesh,U,RASHTRIYA VIKLANG PARTY,85756301,146134603,0,3845,
Uttar Pradesh,U,Rashtriya Vyapari Party,85756301,146134603,0,1326,
Uttar Pradesh,U,Rastriya Insaaf Party,85756301,146134603,0,3265,
Uttar Pradesh,U,Republican Party of India,85756301,146134603,0,1999,
Uttar Pradesh,U,Republican Party of India (A),85756301,146134603,0,1150,
Uttar Pradesh,U,Right to Recall Party,85756301,146134603,0,709,
Uttar Pradesh,U,Saaf Party,85756301,146134603,0,882,
Uttar Pradesh,U,Sabhi Jan Party,85756301,146134603,0,2751,
Uttar Pradesh,U,Sabka Dal United,85756301,146134603,0,6283,0.01
Uttar Pradesh,U,Sabse Achchhi Party,85756301,146134603,0,1360,
Uttar Pradesh,U,Sajag Samaj Party,85756301,146134603,0,2041,
Uttar Pradesh,U,Samagra Utthan Party,85756301,146134603,0,2744,
Uttar Pradesh,U,Samajwadi Samaj Party,85756301,146134603,0,2417,
Uttar Pradesh,U,Samdarshi Samaj Party,85756301,146134603,0,3139,
Uttar Pradesh,U,Samrat Ashok Sena Party,85756301,146134603,0,2214,
Uttar Pradesh,U,Sanatan Sanskriti Raksha Dal,85756301,146134603,0,2278,
Uttar Pradesh,U,Sanyukt Vikas Party,85756301,146134603,0,2250,
Uttar Pradesh,U,Sarvjan Lok Shakti Party,85756301,146134603,0,2554,
Uttar Pradesh,U,Sarvodaya Bharat Party,85756301,146134603,0,7106,0.01
Uttar Pradesh,U,Sarvshreshth Dal,85756301,146134603,0,2901,
Uttar Pradesh,U,Satya Bahumat Party,85756301,146134603,0,9206,0.01
Uttar Pradesh,U,Satya Kranti Party,85756301,146134603,0,2857,
Uttar Pradesh,U,Shane Hind Fourm,85756301,146134603,0,1306,
Uttar Pradesh,U,Socialist Party (India),85756301,146134603,0,1982,
Uttar Pradesh,U,SOCIALIST UNITY CENTRE OF INDIA (COMMUNIST),85756301,146134603,0,6121,0.01
Uttar Pradesh,U,Subhashwadi Bhartiya Samajwadi Party (Subhas Party),85756301,146134603,0,3919,
Uttar Pradesh,U,Suheldev Bharatiya Samaj Party,85756301,146134603,0,277308,0.32
Uttar Pradesh,U,Swatantra Jantaraj Party,85756301,146134603,0,24526,0.03
Uttar Pradesh,U,United Democratic Front Secular,85756301,146134603,0,451,
Uttar Pradesh,U,VANCHITSAMAJ INSAAF PARTY,85756301,146134603,0,3756,
Uttar Pradesh,U,Vikas Insaf Party,85756301,146134603,0,3694,
Uttar Pradesh,U,"Vishwa Manav Samaj Kalyan Parishad,",85756301,146134603,0,1529,
Uttar Pradesh,U,Voters Party  International,85756301,146134603,0,7285,0.01
Uttar Pradesh,U,Yuva Vikas Party,85756301,146134603,0,2858,
Uttar Pradesh,Z,Independent,85756301,146134603,0,854421,1
Uttar Pradesh,Z1,None of the Above,85756301,146134603,0,725097,0.85
West Bengal,N,All India Trinamool Congress,56660188,70001284,22,24757345,43.69
West Bengal,N,Bahujan Samaj Party,56660188,70001284,0,221654,0.39
West Bengal,N,Bharatiya Janata Party,56660188,70001284,18,23028517,40.64
West Bengal,N,Communist Party of India,56660188,70001284,0,227695,0.4
West Bengal,N,Communist Party of India  (Marxist),56660188,70001284,0,3594283,6.34
West Bengal,N,Indian National Congress,56660188,70001284,2,3210491,5.67
West Bengal,S,All India Forward Bloc,56660188,70001284,0,239312,0.42
West Bengal,S,Jharkhand Mukti Morcha,56660188,70001284,0,12936,0.02
West Bengal,S,Revolutionary Socialist Party,56660188,70001284,0,208275,0.37
West Bengal,S,Shivsena,56660188,70001284,0,52850,0.09
West Bengal,U,Aihra National Party,56660188,70001284,0,6110,0.01
West Bengal,U,Akhil Bhartiya Jharkhand Party,56660188,70001284,0,8484,0.01
West Bengal,U,All India Jana Andolan Party,56660188,70001284,0,6495,0.01
West Bengal,U,All India Labour Party,56660188,70001284,0,2707,
West Bengal,U,Ambedkarite Party of India,56660188,70001284,0,3269,0.01
West Bengal,U,Amra Bangalee,56660188,70001284,0,18562,0.03
West Bengal,U,Bahujan Mukti Party,56660188,70001284,0,36620,0.06
West Bengal,U,Bharat Prabhat Party,56660188,70001284,0,1759,
West Bengal,U,Bharateeya Manavadhikar party,56660188,70001284,0,6511,0.01
West Bengal,U,Bharatiya National Janta Dal,56660188,70001284,0,9400,0.02
West Bengal,U,Bharatiya Nyay-Adhikar Raksha Party,56660188,70001284,0,31308,0.06
West Bengal,U,Communist Party of India  (Marxist-Leninist)  (Liberation),56660188,70001284,0,15597,0.03
West Bengal,U,Communist Party of India (Marxist-Leninist) Red Star,56660188,70001284,0,16362,0.03
West Bengal,U,Gorkha Rashtriya Congress,56660188,70001284,0,2952,0.01
West Bengal,U,Indian Democratic Republican Front,56660188,70001284,0,1678,
West Bengal,U,Indian Unity Centre,56660188,70001284,0,4003,0.01
West Bengal,U,Jamat-E-Seratul Mustakim,56660188,70001284,0,5885,0.01
West Bengal,U,Jan Sangh Party,56660188,70001284,0,712,
West Bengal,U,Jan Sangharsh Virat Party,56660188,70001284,0,1301,
West Bengal,U,Jharkhand Anushilan Party,56660188,70001284,0,4164,0.01
West Bengal,U,Jharkhand Party  (Naren),56660188,70001284,0,11204,0.02
West Bengal,U,Jharkhand People's Party,56660188,70001284,0,2220,
West Bengal,U,Kamatapur People’s Party (United),56660188,70001284,0,12666,0.02
West Bengal,U,Mulnibasi Party of India,56660188,70001284,0,4057,0.01
West Bengal,U,New Democratic Party of India,56660188,70001284,0,7081,0.01
West Bengal,U,Party for Democratic Socialism,56660188,70001284,0,12087,0.02
West Bengal,U,Purvanchal Janta Party (Secular),56660188,70001284,0,5917,0.01
West Bengal,U,Pyramid Party of India,56660188,70001284,0,965,
West Bengal,U,Rashtravadi Janata Party,56660188,70001284,0,32184,0.06
West Bengal,U,Rashtriya Ahinsa Manch,56660188,70001284,0,440,
West Bengal,U,Rashtriya Jan  Adhikar Party,56660188,70001284,0,1226,
West Bengal,U,Rashtriya Janadhikar Suraksha Party,56660188,70001284,0,23580,0.04
West Bengal,U,Rashtriya Janasachetan Party (R.J.P.),56660188,70001284,0,8609,0.02
West Bengal,U,Republican Party of India (A),56660188,70001284,0,1803,
West Bengal,U,Samajtantric Party of India,56660188,70001284,0,730,
West Bengal,U,Samajwadi Jan Parishad,56660188,70001284,0,1899,
West Bengal,U,SOCIAL DEMOCRATIC PARTY OF INDIA,56660188,70001284,0,11696,0.02
West Bengal,U,SOCIALIST UNITY CENTRE OF INDIA (COMMUNIST),56660188,70001284,0,217376,0.38
West Bengal,U,Welfare Party Of India,56660188,70001284,0,23035,0.04
West Bengal,Z,Independent,56660188,70001284,0,544176,0.96
West Bengal,Z1,None of the Above,56660188,70001284,0,546788,0.97
Chhattisgarh,N,Bahujan Samaj Party,13418188,19016462,0,313261,2.33
Chhattisgarh,N,Bharatiya Janata Party,13418188,19016462,9,6902477,51.44
Chhattisgarh,N,Communist Party of India,13418188,19016462,0,38395,0.29
Chhattisgarh,N,Indian National Congress,13418188,19016462,2,5569183,41.5
Chhattisgarh,S,Shivsena,13418188,19016462,0,50719,0.38
Chhattisgarh,U,Adhikar Vikas Party,13418188,19016462,0,2201,0.02
Chhattisgarh,U,Akhil Bharat Samagra Kranti Party,13418188,19016462,0,9912,0.07
Chhattisgarh,U,Ambedkarite Party of India,13418188,19016462,0,57703,0.43
Chhattisgarh,U,Bahujan Mukti Party,13418188,19016462,0,8769,0.07
Chhattisgarh,U,Bharat Bhoomi Party,13418188,19016462,0,5045,0.04
Chhattisgarh,U,Bharat Prabhat Party,13418188,19016462,0,775,0.01
Chhattisgarh,U,Bharatiya Bahujan Party,13418188,19016462,0,1069,0.01
Chhattisgarh,U,Bhartiya Kisan Party,13418188,19016462,0,7093,0.05
Chhattisgarh,U,Bhartiya Lokmat Rashtrwadi Party,13418188,19016462,0,826,0.01
Chhattisgarh,U,Bhartiya Panchyat Party,13418188,19016462,0,1986,0.01
Chhattisgarh,U,Bhartiya Sarvjan Hitey Samaj Party,13418188,19016462,0,1852,0.01
Chhattisgarh,U,Bhartiya Shakti Chetna Party,13418188,19016462,0,14931,0.11
Chhattisgarh,U,Bhartiya Tribal Party,13418188,19016462,0,5501,0.04
Chhattisgarh,U,Chhattisgarh Swabhiman Manch,13418188,19016462,0,1522,0.01
Chhattisgarh,U,Chhattisgarh Vikas Ganga Rashtriya Party,13418188,19016462,0,2187,0.02
Chhattisgarh,U,Communist Party of India (Marxist-Leninist) Red Star,13418188,19016462,0,2263,0.02
Chhattisgarh,U,Forward Democratic Labour Party,13418188,19016462,0,1519,0.01
Chhattisgarh,U,Gondvana Gantantra Party,13418188,19016462,0,86097,0.64
Chhattisgarh,U,India Praja Bandhu Party,13418188,19016462,0,797,0.01
Chhattisgarh,U,Kisan Mazdoor Sangharsh Party,13418188,19016462,0,1854,0.01
Chhattisgarh,U,Peoples Party of India (Democratic),13418188,19016462,0,6240,0.05
Chhattisgarh,U,Pragatishil Samajwadi Party (Lohia),13418188,19016462,0,8887,0.07
Chhattisgarh,U,Rashtriya Gondvana Party,13418188,19016462,0,1850,0.01
Chhattisgarh,U,Rashtriya Jansabha Party,13418188,19016462,0,16902,0.13
Chhattisgarh,U,Republican Paksha (Khoripa),13418188,19016462,0,1506,0.01
Chhattisgarh,U,Republican Party of India (A),13418188,19016462,0,2561,0.02
Chhattisgarh,U,Sarvadharam Party (Madhya Pradesh),13418188,19016462,0,12107,0.09
Chhattisgarh,U,Sarvodaya Bharat Party,13418188,19016462,0,1210,0.01
Chhattisgarh,U,Shakti Sena (Bharat Desh),13418188,19016462,0,2802,0.02
Chhattisgarh,U,Shoshit Samaj Dal,13418188,19016462,0,9060,0.07
Chhattisgarh,U,SOCIALIST UNITY CENTRE OF INDIA (COMMUNIST),13418188,19016462,0,3690,0.03
Chhattisgarh,U,Sunder Samaj Party,13418188,19016462,0,2568,0.02
Chhattisgarh,U,Swabhiman Party,13418188,19016462,0,966,0.01
Chhattisgarh,Z,Independent,13418188,19016462,0,259902,1.94
Chhattisgarh,Z1,None of the Above,13418188,19016462,0,196265,1.46
Jharkhand,N,All India Trinamool Congress,14772593,22404856,0,72070,0.49
Jharkhand,N,Bahujan Samaj Party,14772593,22404856,0,166519,1.13
Jharkhand,N,Bharatiya Janata Party,14772593,22404856,11,7623987,51.61
Jharkhand,N,Communist Party of India,14772593,22404856,0,70843,0.48
Jharkhand,N,Communist Party of India  (Marxist),14772593,22404856,0,35586,0.24
Jharkhand,N,Indian National Congress,14772593,22404856,1,2338466,15.83
Jharkhand,S,AJSU Party,14772593,22404856,1,648277,4.39
Jharkhand,S,All India Forward Bloc,14772593,22404856,0,15683,0.11
Jharkhand,S,Jharkhand Mukti Morcha,14772593,22404856,1,1722635,11.66
Jharkhand,S,Jharkhand Vikas Morcha (Prajatantrik),14772593,22404856,0,750799,5.08
Jharkhand,S,Rashtriya Janata Dal,14772593,22404856,0,361478,2.45
Jharkhand,S,Samajwadi Party,14772593,22404856,0,1453,0.01
Jharkhand,U,Aam Adhikar Morcha,14772593,22404856,0,2627,0.02
Jharkhand,U,Aihra National Party,14772593,22404856,0,9786,0.07
Jharkhand,U,Akhil Bharat Hindu Mahasabha,14772593,22404856,0,3845,0.03
Jharkhand,U,Ambedkar National Congress,14772593,22404856,0,4121,0.03
Jharkhand,U,Ambedkarite Party of India,14772593,22404856,0,25819,0.17
Jharkhand,U,Amra Bangalee,14772593,22404856,0,8300,0.06
Jharkhand,U,Bahujan Mukti Party,14772593,22404856,0,18007,0.12
Jharkhand,U,Bharat Prabhat Party,14772593,22404856,0,3479,0.02
Jharkhand,U,Bharatiya Jan Kranti Dal (Democratic),14772593,22404856,0,1842,0.01
Jharkhand,U,Bharatiya Minorities Suraksha Mahasangh,14772593,22404856,0,1864,0.01
Jharkhand,U,Bhartiya Azad Sena,14772593,22404856,0,1527,0.01
Jharkhand,U,Bhartiya Lok Seva Dal,14772593,22404856,0,13047,0.09
Jharkhand,U,Bhartiya Lokmat Rashtrwadi Party,14772593,22404856,0,1088,0.01
Jharkhand,U,Bhartiya Manavadhikaar Federal Party,14772593,22404856,0,1206,0.01
Jharkhand,U,Bhartiya Panchyat Party,14772593,22404856,0,1463,0.01
Jharkhand,U,Bhartiya Sarvodaya Party,14772593,22404856,0,2701,0.02
Jharkhand,U,Communist Party of India  (Marxist-Leninist)  (Liberation),14772593,22404856,0,73211,0.5
Jharkhand,U,Communist Party of India (Marxist-Leninist) Red Star,14772593,22404856,0,5697,0.04
Jharkhand,U,Hindusthan Nirman Dal,14772593,22404856,0,4987,0.03
Jharkhand,U,Hum Bhartiya Party,14772593,22404856,0,2373,0.02
Jharkhand,U,Jai Prakash Janata Dal,14772593,22404856,0,4998,0.03
Jharkhand,U,Jan Sangharsh Virat Party,14772593,22404856,0,4164,0.03
Jharkhand,U,Janata Congress,14772593,22404856,0,3983,0.03
Jharkhand,U,Jharkhand Mukti Morcha  (Ulgulan),14772593,22404856,0,8672,0.06
Jharkhand,U,Jharkhand Party,14772593,22404856,0,35060,0.24
Jharkhand,U,Jharkhand Party  (Naren),14772593,22404856,0,7665,0.05
Jharkhand,U,"Jharkhand Party (Secular),",14772593,22404856,0,1244,0.01
Jharkhand,U,Jharkhand People's Party,14772593,22404856,0,13975,0.09
Jharkhand,U,Kalinga Sena,14772593,22404856,0,5647,0.04
Jharkhand,U,Moolniwasi Samaj Party,14772593,22404856,0,3254,0.02
Jharkhand,U,Peoples Party of India (Democratic),14772593,22404856,0,6885,0.05
Jharkhand,U,Pichhara Samaj Party United,14772593,22404856,0,6580,0.04
Jharkhand,U,Proutist Sarva Samaj,14772593,22404856,0,4286,0.03
Jharkhand,U,Purvanchal Janta Party (Secular),14772593,22404856,0,4483,0.03
Jharkhand,U,Rashtriya Jansangharsh Swaraj Party,14772593,22404856,0,4897,0.03
Jharkhand,U,Rashtriya Samta Party (Secular),14772593,22404856,0,2307,0.02
Jharkhand,U,Rashtriya Sangail Party,14772593,22404856,0,3895,0.03
Jharkhand,U,Republican Party of India (A),14772593,22404856,0,7729,0.05
Jharkhand,U,Right to Recall Party,14772593,22404856,0,2481,0.02
Jharkhand,U,SOCIALIST UNITY CENTRE OF INDIA (COMMUNIST),14772593,22404856,0,12715,0.09
Jharkhand,U,Uttar Pradesh Navnirman Sena,14772593,22404856,0,2051,0.01
Jharkhand,U,Vishva SHakti Party,14772593,22404856,0,4490,0.03
Jharkhand,U,Voters Party  International,14772593,22404856,0,5099,0.03
Jharkhand,Z,Independent,14772593,22404856,0,621247,4.21
Jharkhand,Z1,None of the Above,14772593,22404856,0,189365,1.28
Uttarakhand,N,Bahujan Samaj Party,4791979,7856318,0,216755,4.52
Uttarakhand,N,Bharatiya Janata Party,4791979,7856318,5,2954833,61.66
Uttarakhand,N,Communist Party of India  (Marxist),4791979,7856318,0,6626,0.14
Uttarakhand,N,Indian National Congress,4791979,7856318,0,1520767,31.74
Uttarakhand,U,Bahujan Mukti Party,4791979,7856318,0,2856,0.06
Uttarakhand,U,Bhartiya Sarvodaya Party,4791979,7856318,0,937,0.02
Uttarakhand,U,Communist Party of India  (Marxist-Leninist)  (Liberation),4791979,7856318,0,5488,0.11
Uttarakhand,U,Hindusthan Nirman Dal,4791979,7856318,0,897,0.02
Uttarakhand,U,Peoples Party of India (Democratic),4791979,7856318,0,738,0.02
Uttarakhand,U,Pragatisheel Lok Manch,4791979,7856318,0,3339,0.07
Uttarakhand,U,Pragatishil Samajwadi Party (Lohia),4791979,7856318,0,707,0.01
Uttarakhand,U,SARVA VIKAS PARTY,4791979,7856318,0,688,0.01
Uttarakhand,U,SOCIALIST UNITY CENTRE OF INDIA (COMMUNIST),4791979,7856318,0,1437,0.03
Uttarakhand,U,Uttarakhand Kranti Dal,4791979,7856318,0,8830,0.18
Uttarakhand,U,Uttarakhand Kranti Dal (Democratic),4791979,7856318,0,12629,0.26
Uttarakhand,U,UTTARAKHAND PARIVARTAN PARTY,4791979,7856318,0,5351,0.11
Uttarakhand,U,Uttarakhand Pragatisheel Party,4791979,7856318,0,1098,0.02
Uttarakhand,Z,Independent,4791979,7856318,0,48003,1
Uttarakhand,Z1,None of the Above,4791979,7856318,0,50946,1.06
Telangana,N,Bahujan Samaj Party,18452097,29708615,0,45494,0.25
Telangana,N,Bharatiya Janata Party,18452097,29708615,4,3626173,19.65
Telangana,N,Communist Party of India,18452097,29708615,0,73872,0.4
Telangana,N,Communist Party of India  (Marxist),18452097,29708615,0,82191,0.45
Telangana,N,Indian National Congress,18452097,29708615,3,5496686,29.79
Telangana,S,All India Forward Bloc,18452097,29708615,0,1458,0.01
Telangana,S,All India Majlis-E-Ittehadul Muslimeen,18452097,29708615,1,517471,2.8
Telangana,S,Shivsena,18452097,29708615,0,2624,0.01
Telangana,S,Telangana Rashtra Samithi,18452097,29708615,9,7696848,41.71
Telangana,U,Aihra National Party,18452097,29708615,0,29183,0.16
Telangana,U,Akhil Bharatiya Muslim League (Secular),18452097,29708615,0,555,
Telangana,U,Ambedkar National Congress,18452097,29708615,0,9553,0.05
Telangana,U,Ambedkarite Party of India,18452097,29708615,0,6837,0.04
Telangana,U,Anti Corruption Dynamic Party,18452097,29708615,0,3674,0.02
Telangana,U,Bahujan Mukti Party,18452097,29708615,0,14831,0.08
Telangana,U,Bahujana Raajyam Party (Phule Ambedkar),18452097,29708615,0,1008,0.01
Telangana,U,Bhartiya Anarakshit Party,18452097,29708615,0,13544,0.07
Telangana,U,Dalita Bahujana Party,18452097,29708615,0,1689,0.01
Telangana,U,Hum Bhartiya Party,18452097,29708615,0,1895,0.01
Telangana,U,India Praja Bandhu Party,18452097,29708615,0,8323,0.05
Telangana,U,Indian Rakshaka Nayakudu Party,18452097,29708615,0,2012,0.01
Telangana,U,Jai Swaraj Party,18452097,29708615,0,1056,0.01
Telangana,U,Janasena Party,18452097,29708615,0,85781,0.46
Telangana,U,Marxist Communist Party of India (United),18452097,29708615,0,18430,0.1
Telangana,U,National Women's Party,18452097,29708615,0,2155,0.01
Telangana,U,Nava Praja Rajyam Party,18452097,29708615,0,8007,0.04
Telangana,U,New India Party,18452097,29708615,0,1059,0.01
Telangana,U,Praja Satta Party,18452097,29708615,0,720,
Telangana,U,Prajaa Swaraaj Party,18452097,29708615,0,4179,0.02
Telangana,U,Prem Janata Dal,18452097,29708615,0,1223,0.01
Telangana,U,Pyramid Party of India,18452097,29708615,0,19089,0.1
Telangana,U,Rashtriya Jankranti Party,18452097,29708615,0,2705,0.01
Telangana,U,Republican Party of India,18452097,29708615,0,1416,0.01
Telangana,U,Republican Party of India (Khobragade),18452097,29708615,0,2598,0.01
Telangana,U,Samajwadi Forward Bloc,18452097,29708615,0,5963,0.03
Telangana,U,Secular Democratic Congress,18452097,29708615,0,3501,0.02
Telangana,U,Social Justice Party of India,18452097,29708615,0,3927,0.02
Telangana,U,SOCIALIST UNITY CENTRE OF INDIA (COMMUNIST),18452097,29708615,0,2779,0.02
Telangana,U,Telangana Communist Party of India,18452097,29708615,0,1660,0.01
Telangana,U,Telangana Jana Samithi,18452097,29708615,0,57073,0.31
Telangana,U,Telangana Prajala Party,18452097,29708615,0,521,
Telangana,U,Telangana Sakalajanula Party,18452097,29708615,0,1048,0.01
Telangana,U,Telangana Yuva Shakti,18452097,29708615,0,3407,0.02
Telangana,U,Yekikrutha Sankshema Rashtriya Praja Party,18452097,29708615,0,1320,0.01
Telangana,Z,Independent,18452097,29708615,0,586559,3.18
Telangana,Z1,None of the Above,18452097,29708615,0,190798,1.03
Andaman & Nicobar Islands,N,All India Trinamool Congress,205884,318471,0,1721,0.84
Andaman & Nicobar Islands,N,Bahujan Samaj Party,205884,318471,0,2486,1.21
Andaman & Nicobar Islands,N,Bharatiya Janata Party,205884,318471,0,93901,45.61
Andaman & Nicobar Islands,N,Indian National Congress,205884,318471,1,95308,46.29
Andaman & Nicobar Islands,S,Aam Aadmi Party,205884,318471,0,2839,1.38
Andaman & Nicobar Islands,U,All India Hindustan Congress Party,205884,318471,0,212,0.1
Andaman & Nicobar Islands,Z,Independent,205884,318471,0,9417,4.57
Andaman & Nicobar Islands,Z1,None of the Above,205884,318471,0,1412,0.69
Chandigarh,N,Bahujan Samaj Party,452233,646729,0,7396,1.64
Chandigarh,N,Bharatiya Janata Party,452233,646729,1,231188,51.12
Chandigarh,N,Indian National Congress,452233,646729,0,184218,40.74
Chandigarh,S,Aam Aadmi Party,452233,646729,0,13781,3.05
Chandigarh,S,All India Forward Bloc,452233,646729,0,164,0.04
Chandigarh,U,Akhil Bhartiya Apna Dal,452233,646729,0,209,0.05
Chandigarh,U,Ambedkar National Congress,452233,646729,0,245,0.05
Chandigarh,U,Bahujan Mukti Party,452233,646729,0,920,0.2
Chandigarh,U,Bahujan Samaj Party  (Ambedkar),452233,646729,0,312,0.07
Chandigarh,U,Bharat Prabhat Party,452233,646729,0,531,0.12
Chandigarh,U,Bhartiya Jan Samman Party,452233,646729,0,452,0.1
Chandigarh,U,Bhartiya Kisan Party,452233,646729,0,285,0.06
Chandigarh,U,Bhartiya Manavadhikaar Federal Party,452233,646729,0,1578,0.35
Chandigarh,U,Bhartiya Rashtrawadi Party,452233,646729,0,461,0.1
Chandigarh,U,Chandigarh Ki Aawaz Party,452233,646729,0,3186,0.7
Chandigarh,U,Communist Party of India (Marxist-Leninist) Red Star,452233,646729,0,377,0.08
Chandigarh,U,Hindustan Shakti Sena,452233,646729,0,365,0.08
Chandigarh,U,Janral Samaj Party,452233,646729,0,486,0.11
Chandigarh,U,Rashtriya Jankranti Party,452233,646729,0,194,0.04
Chandigarh,U,Rashtriya Lokswaraj Party,452233,646729,0,158,0.03
Chandigarh,U,Republican Party of India (A),452233,646729,0,212,0.05
Chandigarh,U,Samaj Adhikar Kalyan Party,452233,646729,0,658,0.15
Chandigarh,U,Sarvjan Sewa Party,452233,646729,0,143,0.03
Chandigarh,Z,Independent,452233,646729,0,4714,1.04
Chandigarh,Z1,None of the Above,452233,646729,0,4335,0.96
Dadra & Nagar Haveli,N,Bahujan Samaj Party,196033,250029,0,948,0.48
Dadra & Nagar Haveli,N,Bharatiya Janata Party,196033,250029,0,81420,41.53
Dadra & Nagar Haveli,N,Indian National Congress,196033,250029,0,8608,4.39
Dadra & Nagar Haveli,S,Shivsena,196033,250029,0,4000,2.04
Dadra & Nagar Haveli,U,Bahujan Mukti Party,196033,250029,0,1596,0.81
Dadra & Nagar Haveli,U,Bhartiya Tribal Party,196033,250029,0,843,0.43
Dadra & Nagar Haveli,U,Navsarjan Bharat Party,196033,250029,0,1160,0.59
Dadra & Nagar Haveli,Z,Independent,196033,250029,1,97458,49.72
Dadra & Nagar Haveli,Z1,None of the Above,196033,250029,0,2950,1.5
Daman & Diu,N,Bahujan Samaj Party,85982,121740,0,792,0.92
Daman & Diu,N,Bharatiya Janata Party,85982,121740,1,37597,43.73
Daman & Diu,N,Indian National Congress,85982,121740,0,27655,32.16
Daman & Diu,Z,Independent,85982,121740,0,19938,23.19
Daman & Diu,Z1,None of the Above,85982,121740,0,1487,1.73
NCT OF Delhi,N,Bahujan Samaj Party,8633358,14327649,0,93977,1.09
NCT OF Delhi,N,Bharatiya Janata Party,8633358,14327649,7,4908541,56.86
NCT OF Delhi,N,Indian National Congress,8633358,14327649,0,1953900,22.63
NCT OF Delhi,S,Aam Aadmi Party,8633358,14327649,0,1571687,18.2
NCT OF Delhi,S,All India Forward Bloc,8633358,14327649,0,367,
NCT OF Delhi,S,Jammu & Kashmir National Panthers Party,8633358,14327649,0,920,0.01
NCT OF Delhi,U,Aapki Apni Party (Peoples),8633358,14327649,0,6484,0.08
NCT OF Delhi,U,Akhand Rashtrawadi Party,8633358,14327649,0,636,0.01
NCT OF Delhi,U,Akhil Bharatiya Jan Sangh,8633358,14327649,0,403,
NCT OF Delhi,U,Akhil Bharatiya Manavata Paksha,8633358,14327649,0,405,
NCT OF Delhi,U,Ambedkar National Congress,8633358,14327649,0,2148,0.02
NCT OF Delhi,U,Anjaan Aadmi Party,8633358,14327649,0,1281,0.01
NCT OF Delhi,U,Atulya Bharat Party,8633358,14327649,0,641,0.01
NCT OF Delhi,U,Bharat Lok Sewak Party,8633358,14327649,0,849,0.01
NCT OF Delhi,U,Bharat Prabhat Party,8633358,14327649,0,2170,0.03
NCT OF Delhi,U,Bhartiya Insan Party,8633358,14327649,0,1651,0.02
NCT OF Delhi,U,Bhartiya Janta Dal (Integrated),8633358,14327649,0,435,0.01
NCT OF Delhi,U,Bhartiya Kisan Party,8633358,14327649,0,289,
NCT OF Delhi,U,Bhartiya Pragatisheel Congress,8633358,14327649,0,724,0.01
NCT OF Delhi,U,Challengers Party,8633358,14327649,0,958,0.01
NCT OF Delhi,U,Corruption Abolition Party,8633358,14327649,0,275,
NCT OF Delhi,U,Ekta Samaj Party,8633358,14327649,0,1270,0.01
NCT OF Delhi,U,Hum Bhartiya Party,8633358,14327649,0,3892,0.05
NCT OF Delhi,U,Jai Maha Bharath Party,8633358,14327649,0,1537,0.02
NCT OF Delhi,U,Jai Prakash Janata Dal,8633358,14327649,0,1393,0.02
NCT OF Delhi,U,Jan Samman party,8633358,14327649,0,1708,0.02
NCT OF Delhi,U,Kanshiram Bahujan Dal,8633358,14327649,0,369,
NCT OF Delhi,U,Mazdoor Kirayedar Vikas Party,8633358,14327649,0,5017,0.06
NCT OF Delhi,U,National Apni Party,8633358,14327649,0,1044,0.01
NCT OF Delhi,U,National Youth Party,8633358,14327649,0,1053,0.01
NCT OF Delhi,U,Parivartan Samaj Party,8633358,14327649,0,1897,0.02
NCT OF Delhi,U,Peoples Party of India (Democratic),8633358,14327649,0,4201,0.05
NCT OF Delhi,U,Prism,8633358,14327649,0,1400,0.02
NCT OF Delhi,U,"Proutist Bloc, India",8633358,14327649,0,4223,0.05
NCT OF Delhi,U,Pyramid Party of India,8633358,14327649,0,2830,0.03
NCT OF Delhi,U,Rashtra Nirman Party,8633358,14327649,0,1579,0.02
NCT OF Delhi,U,Rashtriya Jan  Adhikar Party,8633358,14327649,0,370,
NCT OF Delhi,U,Rashtriya Jansambhavna Party,8633358,14327649,0,249,
NCT OF Delhi,U,Rashtriya Janshakti Party (Secular),8633358,14327649,0,551,0.01
NCT OF Delhi,U,Rashtriya Rashtrawadi Party,8633358,14327649,0,2244,0.03
NCT OF Delhi,U,Rashtriya Samrasta Party,8633358,14327649,0,1648,0.02
NCT OF Delhi,U,Republican Party of India (A),8633358,14327649,0,2783,0.03
NCT OF Delhi,U,Right to Recall Party,8633358,14327649,0,2297,0.03
NCT OF Delhi,U,Sanatan Sanskriti Raksha Dal,8633358,14327649,0,1291,0.01
NCT OF Delhi,U,Sanjhi Virasat Party,8633358,14327649,0,419,
NCT OF Delhi,U,Sanyukt Vikas Party,8633358,14327649,0,309,
NCT OF Delhi,U,Sarvodaya Prabhat Party,8633358,14327649,0,740,0.01
NCT OF Delhi,U,Satya Bahumat Party,8633358,14327649,0,3029,0.04
NCT OF Delhi,U,Socialist Janata Party,8633358,14327649,0,805,0.01
NCT OF Delhi,U,SOCIALIST UNITY CENTRE OF INDIA (COMMUNIST),8633358,14327649,0,1749,0.02
NCT OF Delhi,U,The National Road Map Party of India,8633358,14327649,0,699,0.01
NCT OF Delhi,U,Uttarakhand Pragatisheel Party,8633358,14327649,0,943,0.01
NCT OF Delhi,U,Voters Party  International,8633358,14327649,0,314,
NCT OF Delhi,Z,Independent,8633358,14327649,0,30764,0.36
NCT OF Delhi,Z1,None of the Above,8633358,14327649,0,45654,0.53
Lakshadweep,N,Bharatiya Janata Party,46909,55189,0,125,0.27
Lakshadweep,N,Communist Party of India,46909,55189,0,143,0.3
Lakshadweep,N,Communist Party of India  (Marxist),46909,55189,0,420,0.9
Lakshadweep,N,Indian National Congress,46909,55189,0,22028,46.96
Lakshadweep,N,Nationalist Congress Party,46909,55189,1,22851,48.71
Lakshadweep,S,Janata Dal  (United),46909,55189,0,1342,2.86
Lakshadweep,Z1,None of the Above,46909,55189,0,100,0.21
Puducherry,N,Bahujan Samaj Party,778561,973410,0,2689,0.35
Puducherry,N,Indian National Congress,778561,973410,1,444981,57.15
Puducherry,S,All India N.R. Congress,778561,973410,0,247956,31.85
Puducherry,U,Agila India Makkal Kazhagam,778561,973410,0,2201,0.28
Puducherry,U,Anti Corruption Dynamic Party,778561,973410,0,674,0.09
Puducherry,U,Communist Party of India  (Marxist-Leninist)  (Liberation),778561,973410,0,905,0.12
Puducherry,U,Makkal Needhi Maiam,778561,973410,0,38068,4.89
Puducherry,U,Naam Tamilar Katchi,778561,973410,0,22857,2.94
Puducherry,U,Puducherry Development  Party,778561,973410,0,1319,0.17
Puducherry,U,SOCIALIST UNITY CENTRE OF INDIA (COMMUNIST),778561,973410,0,1285,0.17
Puducherry,Z,Independent,778561,973410,0,15626,2.01
Puducherry,Z1,None of the Above,778561,973410,0,12199,1.57
,,,,,,,
,,,,,,,
,,,,,,,
Disclaimer,,,,,,,
"This report is based on Index Cards data made available by concerned Returning Officers on the basis of Statutory data maintained in the forms. In case of any dispute, the data maintained in the Statutory Forms by the concerned Returning Officers shall prevail.",,,,,,,
